date,PM10 ( µg/m³ )
2015-01-14 00:00:00,"49,41490909"
2015-01-15 00:00:00,"77,66818182"
2015-01-16 00:00:00,"83,87345455"
2015-01-17 00:00:00,"77,11472727"
2015-01-18 00:00:00,"53,678"
2015-01-19 00:00:00,"86,108"
2015-01-20 00:00:00,"128,222"
2015-01-21 00:00:00,"92,808"
2015-01-22 00:00:00,"146,05"
2015-01-23 00:00:00,"90,7736"
2015-01-24 00:00:00,"80,5712"
2015-01-25 00:00:00,"88,0668"
2015-01-26 00:00:00,"86,6264"
2015-01-27 00:00:00,"83,274"
2015-01-28 00:00:00,"43,408"
2015-01-29 00:00:00,"41,626"
2015-01-30 00:00:00,"43,43"
2015-01-31 00:00:00,"21,102"
2015-02-01 00:00:00,"36,764"
2015-02-02 00:00:00,"34,58"
2015-02-03 00:00:00,"23,004"
2015-02-04 00:00:00,"54,424"
2015-02-05 00:00:00,"101,756"
2015-02-06 00:00:00,"110,048"
2015-02-07 00:00:00,"81,52"
2015-02-08 00:00:00,"45,9028"
2015-02-09 00:00:00,"38,6596"
2015-02-10 00:00:00,"28,3544"
2015-02-11 00:00:00,"22,3072"
2015-02-12 00:00:00,"31,328"
2015-02-13 00:00:00,"35,814"
2015-02-14 00:00:00,"42,628"
2015-02-15 00:00:00,"53,702"
2015-02-16 00:00:00,"44,18"
2015-02-17 00:00:00,"21,112"
2015-02-18 00:00:00,"24,14"
2015-02-19 00:00:00,"19,498"
2015-02-20 00:00:00,"40,262"
2015-02-21 00:00:00,"39,466"
2015-02-22 00:00:00,"67,168"
2015-02-23 00:00:00,"80,028"
2015-02-24 00:00:00,"66,05"
2015-02-25 00:00:00,"43,148"
2015-02-26 00:00:00,"71,912"
2015-02-27 00:00:00,"44,466"
2015-02-28 00:00:00,"40,942"
2015-03-01 00:00:00,"51,168"
2015-03-02 00:00:00,"88,70733333"
2015-03-03 00:00:00,"79,42866667"
2015-03-04 00:00:00,"25,2"
2015-03-05 00:00:00,"57,48733333"
2015-03-06 00:00:00,"89,67466667"
2015-03-07 00:00:00,"97,268"
2015-03-08 00:00:00,"66,728"
2015-03-09 00:00:00,"65,062"
2015-03-10 00:00:00,"78,166"
2015-03-11 00:00:00,"73,58"
2015-03-12 00:00:00,"31,268"
2015-03-13 00:00:00,"50,176"
2015-03-14 00:00:00,"45,37"
2015-03-15 00:00:00,"43,742"
2015-03-16 00:00:00,"33,23"
2015-03-17 00:00:00,"28,204"
2015-03-18 00:00:00,"43,49"
2015-03-19 00:00:00,"41,278"
2015-03-20 00:00:00,"42,566"
2015-03-21 00:00:00,"29,286"
2015-03-22 00:00:00,"29,644"
2015-03-23 00:00:00,"52,898"
2015-03-24 00:00:00,"36,238"
2015-03-25 00:00:00,"42,964"
2015-03-26 00:00:00,"68,804"
2015-03-27 00:00:00,"62,772"
2015-03-28 00:00:00,"35,326"
2015-03-29 00:00:00,"51,54"
2015-03-30 00:00:00,"37,392"
2015-03-31 00:00:00,"46,084"
2015-04-01 00:00:00,"52,304"
2015-04-02 00:00:00,"36,984"
2015-04-03 00:00:00,"40,228"
2015-04-04 00:00:00,"39,164"
2015-04-05 00:00:00,"55,594"
2015-04-06 00:00:00,"64,472"
2015-04-07 00:00:00,"18,176"
2015-04-08 00:00:00,"26,876"
2015-04-09 00:00:00,"18,538"
2015-04-10 00:00:00,"16,879"
2015-04-11 00:00:00,"25,976"
2015-04-12 00:00:00,"39,04"
2015-04-13 00:00:00,"48,588"
2015-04-14 00:00:00,"61,654"
2015-04-15 00:00:00,"63,096"
2015-04-16 00:00:00,"51,642"
2015-04-17 00:00:00,"78,414"
2015-04-18 00:00:00,"54,3892"
2015-04-19 00:00:00,"43,4104"
2015-04-20 00:00:00,"27,2736"
2015-04-21 00:00:00,"36,9028"
2015-04-22 00:00:00,"20,122"
2015-04-23 00:00:00,"21,044"
2015-04-24 00:00:00,"32,586"
2015-04-25 00:00:00,"54,456"
2015-04-26 00:00:00,"64,21"
2015-04-27 00:00:00,"57,392"
2015-04-28 00:00:00,"75,402"
2015-04-29 00:00:00,"66,543"
2015-04-30 00:00:00,"47,652"
2015-05-01 00:00:00,"34,29"
2015-05-02 00:00:00,"41,019"
2015-05-03 00:00:00,"44,436"
2015-05-04 00:00:00,"33,293"
2015-05-05 00:00:00,"40,012"
2015-05-06 00:00:00,"26,824"
2015-05-07 00:00:00,"34,444"
2015-05-08 00:00:00,"30,284"
2015-05-09 00:00:00,"15,922"
2015-05-10 00:00:00,"16,478"
2015-05-11 00:00:00,"22,088"
2015-05-12 00:00:00,"25,5"
2015-05-13 00:00:00,"22,442"
2015-05-14 00:00:00,"34,68"
2015-05-15 00:00:00,"60,252"
2015-05-16 00:00:00,"81,188"
2015-05-17 00:00:00,"100,77"
2015-05-18 00:00:00,"92,62"
2015-05-19 00:00:00,"57,79"
2015-05-20 00:00:00,"80,564"
2015-05-21 00:00:00,"69,108"
2015-05-22 00:00:00,"54,012"
2015-05-23 00:00:00,"54,5485"
2015-05-24 00:00:00,"58,909"
2015-05-25 00:00:00,"63,1295"
2015-05-26 00:00:00,"53,508"
2015-05-27 00:00:00,"72,112"
2015-05-28 00:00:00,"27,134"
2015-05-29 00:00:00,"28,806"
2015-05-30 00:00:00,"21,768"
2015-05-31 00:00:00,"29,46"
2015-06-01 00:00:00,"27,338"
2015-06-02 00:00:00,"26,02"
2015-06-03 00:00:00,"32,396"
2015-06-04 00:00:00,"21,106"
2015-06-05 00:00:00,"33,688"
2015-06-06 00:00:00,"46,932"
2015-06-07 00:00:00,"29,944"
2015-06-08 00:00:00,"39,204"
2015-06-09 00:00:00,"42,946"
2015-06-10 00:00:00,"48,786"
2015-06-11 00:00:00,"36,99"
2015-06-12 00:00:00,"39,596"
2015-06-13 00:00:00,"35,194"
2015-06-14 00:00:00,"28,696"
2015-06-15 00:00:00,"42,84"
2015-06-16 00:00:00,"58,798"
2015-06-17 00:00:00,"54,574"
2015-06-18 00:00:00,"37,752"
2015-06-19 00:00:00,"30,718"
2015-06-20 00:00:00,"31,926"
2015-06-21 00:00:00,"25,26"
2015-06-22 00:00:00,"43,484"
2015-06-23 00:00:00,"24,918"
2015-06-24 00:00:00,"34,418"
2015-06-25 00:00:00,"34,024"
2015-06-26 00:00:00,"30,346"
2015-06-27 00:00:00,"26,558"
2015-06-28 00:00:00,"23,886"
2015-06-29 00:00:00,"30,918"
2015-06-30 00:00:00,"37,548"
2015-07-01 00:00:00,"41,808"
2015-07-02 00:00:00,"34,464"
2015-07-03 00:00:00,"27,904"
2015-07-04 00:00:00,"26,618"
2015-07-05 00:00:00,"32,874"
2015-07-06 00:00:00,"39,986"
2015-07-07 00:00:00,"31,758"
2015-07-08 00:00:00,"28,958"
2015-07-09 00:00:00,"37,994"
2015-07-10 00:00:00,"54,68"
2015-07-11 00:00:00,"45,776"
2015-07-12 00:00:00,"26,866"
2015-07-13 00:00:00,"30,636"
2015-07-14 00:00:00,"34,34"
2015-07-15 00:00:00,"33,974"
2015-07-16 00:00:00,"22,782"
2015-07-17 00:00:00,"16,34"
2015-07-18 00:00:00,"17,946"
2015-07-19 00:00:00,"22,146"
2015-07-20 00:00:00,"28,14"
2015-07-21 00:00:00,"41,294"
2015-07-22 00:00:00,"30,436"
2015-07-23 00:00:00,"30,768"
2015-07-24 00:00:00,"45,336"
2015-07-25 00:00:00,"54,308"
2015-07-26 00:00:00,"55,582"
2015-07-27 00:00:00,"49,062"
2015-07-28 00:00:00,"48,582"
2015-07-29 00:00:00,"44,804"
2015-07-30 00:00:00,"51,116"
2015-07-31 00:00:00,"64,882"
2015-08-01 00:00:00,"50,014"
2015-08-02 00:00:00,"51,138"
2015-08-03 00:00:00,"42,774"
2015-08-04 00:00:00,"50,762"
2015-08-05 00:00:00,"58,942"
2015-08-06 00:00:00,"45,066"
2015-08-07 00:00:00,"41,608"
2015-08-08 00:00:00,"35,786"
2015-08-09 00:00:00,"35,16"
2015-08-10 00:00:00,"46,568"
2015-08-11 00:00:00,"42,858"
2015-08-12 00:00:00,"41,34"
2015-08-13 00:00:00,"55,342"
2015-08-14 00:00:00,"69,278"
2015-08-15 00:00:00,"43,956"
2015-08-16 00:00:00,"40,854"
2015-08-17 00:00:00,"55,824"
2015-08-18 00:00:00,"68,943"
2015-08-19 00:00:00,"58,728"
2015-08-20 00:00:00,"44,126"
2015-08-21 00:00:00,"38,626"
2015-08-22 00:00:00,"40,242"
2015-08-23 00:00:00,"39,512"
2015-08-24 00:00:00,"27,62"
2015-08-25 00:00:00,"28,356"
2015-08-26 00:00:00,"37,746"
2015-08-27 00:00:00,"32,882"
2015-08-28 00:00:00,"26,878"
2015-08-29 00:00:00,"35,70714286"
2015-08-30 00:00:00,"35,39028571"
2015-08-31 00:00:00,"41,64342857"
2015-09-01 00:00:00,"35,64457143"
2015-09-02 00:00:00,"51,91571429"
2015-09-03 00:00:00,"72,90685714"
2015-09-04 00:00:00,"65,972"
2015-09-05 00:00:00,"71,87514286"
2015-09-06 00:00:00,"80,48228571"
2015-09-07 00:00:00,"96,14542857"
2015-09-08 00:00:00,"92,97457143"
2015-09-09 00:00:00,"51,26771429"
2015-09-10 00:00:00,"58,88285714"
2015-09-11 00:00:00,"96,694"
2015-09-12 00:00:00,"84,502"
2015-09-13 00:00:00,"43,458"
2015-09-14 00:00:00,"39,16"
2015-09-15 00:00:00,"46,89"
2015-09-16 00:00:00,"51,132"
2015-09-17 00:00:00,"57,43"
2015-09-18 00:00:00,"42,418"
2015-09-19 00:00:00,"46,604"
2015-09-20 00:00:00,"74,176"
2015-09-21 00:00:00,"62,786"
2015-09-22 00:00:00,"66,744"
2015-09-23 00:00:00,"43,176"
2015-09-24 00:00:00,"33,11"
2015-09-25 00:00:00,"37,21"
2015-09-26 00:00:00,"49,524"
2015-09-27 00:00:00,"55,292"
2015-09-28 00:00:00,"52,041"
2015-09-29 00:00:00,"53,164"
2015-09-30 00:00:00,"36,37"
2015-10-01 00:00:00,"26,752"
2015-10-02 00:00:00,"24,208"
2015-10-03 00:00:00,"40,174"
2015-10-04 00:00:00,"50,822"
2015-10-05 00:00:00,"63,106"
2015-10-06 00:00:00,"75,306"
2015-10-07 00:00:00,"28,448"
2015-10-08 00:00:00,"42,728"
2015-10-09 00:00:00,"49,506"
2015-10-10 00:00:00,"35,11"
2015-10-11 00:00:00,"50,074"
2015-10-12 00:00:00,"68,802"
2015-10-13 00:00:00,"64,916"
2015-10-14 00:00:00,"42,146"
2015-10-15 00:00:00,"70,59"
2015-10-16 00:00:00,"58,89"
2015-10-17 00:00:00,"62,808"
2015-10-18 00:00:00,"94,426"
2015-10-19 00:00:00,"115,266"
2015-10-20 00:00:00,"119,59"
2015-10-21 00:00:00,"94,196"
2015-10-22 00:00:00,"44,436"
2015-10-23 00:00:00,"81,55"
2015-10-24 00:00:00,"39,524"
2015-10-25 00:00:00,"21,674"
2015-10-26 00:00:00,"33,296"
2015-10-27 00:00:00,"47,158"
2015-10-28 00:00:00,"27,102"
2015-10-29 00:00:00,"26,826"
2015-10-30 00:00:00,"58,71"
2015-10-31 00:00:00,"35,946"
2015-11-01 00:00:00,"31,522"
2015-11-02 00:00:00,"64,078"
2015-11-03 00:00:00,"132,832"
2015-11-04 00:00:00,"112,748"
2015-11-05 00:00:00,"119,446"
2015-11-06 00:00:00,"141,34"
2015-11-07 00:00:00,"119,73"
2015-11-08 00:00:00,"80,666"
2015-11-09 00:00:00,"65,154"
2015-11-10 00:00:00,"42,974"
2015-11-11 00:00:00,"65,496"
2015-11-12 00:00:00,"82,228"
2015-11-13 00:00:00,"106,804"
2015-11-14 00:00:00,"115,382"
2015-11-15 00:00:00,"116,902"
2015-11-16 00:00:00,"108,22"
2015-11-17 00:00:00,"88,288"
2015-11-18 00:00:00,"107,25"
2015-11-19 00:00:00,"154,936"
2015-11-20 00:00:00,"149,46"
2015-11-21 00:00:00,"106,924"
2015-11-22 00:00:00,"51,864"
2015-11-23 00:00:00,"105,062"
2015-11-24 00:00:00,"118,972"
2015-11-25 00:00:00,"131,888"
2015-11-26 00:00:00,"113,0293333"
2015-11-27 00:00:00,"67,95266667"
2015-11-28 00:00:00,"51,894"
2015-11-29 00:00:00,"19,93"
2015-11-30 00:00:00,"33,824"
2015-12-01 00:00:00,"41,896"
2015-12-02 00:00:00,"32,222"
2015-12-03 00:00:00,"29,502"
2015-12-04 00:00:00,"33,816"
2015-12-05 00:00:00,"87,256"
2015-12-06 00:00:00,"140,799"
2015-12-07 00:00:00,"186,834"
2015-12-08 00:00:00,"206,576"
2015-12-09 00:00:00,"107,782"
2015-12-10 00:00:00,"107,3"
2015-12-11 00:00:00,"174,574"
2015-12-12 00:00:00,"168,16"
2015-12-13 00:00:00,"110,736"
2015-12-14 00:00:00,"100,1"
2015-12-15 00:00:00,"103,966"
2015-12-16 00:00:00,"74,472"
2015-12-17 00:00:00,"42,532"
2015-12-18 00:00:00,"66,238"
2015-12-19 00:00:00,"86,116"
2015-12-20 00:00:00,"98,346"
2015-12-21 00:00:00,"118,938"
2015-12-22 00:00:00,"149,02"
2015-12-23 00:00:00,"91,712"
2015-12-24 00:00:00,"144,002"
2015-12-25 00:00:00,"157,224"
2015-12-26 00:00:00,"164,33"
2015-12-27 00:00:00,"248,058"
2015-12-28 00:00:00,"152,134"
2015-12-29 00:00:00,"112,072"
2015-12-30 00:00:00,"42,706"
2015-12-31 00:00:00,"36,524"
2016-01-01 00:00:00,"44,122"
2016-01-02 00:00:00,"47,74323077"
2016-01-03 00:00:00,"57,10446154"
2016-01-04 00:00:00,"43,18769231"
2016-01-05 00:00:00,"60,88092308"
2016-01-06 00:00:00,"87,59415385"
2016-01-07 00:00:00,"39,71138462"
2016-01-08 00:00:00,"32,23461538"
2016-01-09 00:00:00,"39,66217949"
2016-01-10 00:00:00,"63,10774359"
2016-01-11 00:00:00,"53,30930769"
2016-01-12 00:00:00,"37,73887179"
2016-01-13 00:00:00,"28,8504359"
2016-01-14 00:00:00,"25,476"
2016-01-15 00:00:00,"56,1185"
2016-01-16 00:00:00,"54,577"
2016-01-17 00:00:00,"26,3635"
2016-01-18 00:00:00,"31,43"
2016-01-19 00:00:00,"22,6385"
2016-01-20 00:00:00,"35,699"
2016-01-21 00:00:00,"51,0235"
2016-01-22 00:00:00,"53,43"
2016-01-23 00:00:00,"31,916"
2016-01-24 00:00:00,"33,344"
2016-01-25 00:00:00,"68,738"
2016-01-26 00:00:00,"89,836"
2016-01-27 00:00:00,"115,318"
2016-01-28 00:00:00,"99,27"
2016-01-29 00:00:00,"115,17"
2016-01-30 00:00:00,"163,868"
2016-01-31 00:00:00,"103,428"
2016-02-01 00:00:00,"61,022"
2016-02-02 00:00:00,"57,578"
2016-02-03 00:00:00,"107,562"
2016-02-04 00:00:00,"91,85"
2016-02-05 00:00:00,"83,122"
2016-02-06 00:00:00,"19,264"
2016-02-07 00:00:00,"27,284"
2016-02-08 00:00:00,"79,23"
2016-02-09 00:00:00,"106,402"
2016-02-10 00:00:00,"83,658"
2016-02-11 00:00:00,"52,488"
2016-02-12 00:00:00,"58,272"
2016-02-13 00:00:00,"28,164"
2016-02-14 00:00:00,"39,967"
2016-02-15 00:00:00,"94,922"
2016-02-16 00:00:00,"177,062"
2016-02-17 00:00:00,"185,358"
2016-02-18 00:00:00,"149,044"
2016-02-19 00:00:00,"92,284"
2016-02-20 00:00:00,"49,994"
2016-02-21 00:00:00,"50,3"
2016-02-22 00:00:00,"52,686"
2016-02-23 00:00:00,"90,456"
2016-02-24 00:00:00,"90,748"
2016-02-25 00:00:00,"71,36"
2016-02-26 00:00:00,"88,886"
2016-02-27 00:00:00,"62,128"
2016-02-28 00:00:00,"86,992"
2016-02-29 00:00:00,"102,338"
2016-03-01 00:00:00,"102,85"
2016-03-02 00:00:00,"103,934"
2016-03-03 00:00:00,"52,598"
2016-03-04 00:00:00,"29,788"
2016-03-05 00:00:00,"28,37066667"
2016-03-06 00:00:00,"44,79133333"
2016-03-07 00:00:00,"75,242"
2016-03-08 00:00:00,"96,106"
2016-03-09 00:00:00,"88,1"
2016-03-10 00:00:00,"75,268"
2016-03-11 00:00:00,"66,328"
2016-03-12 00:00:00,"77,152"
2016-03-13 00:00:00,"71,046"
2016-03-14 00:00:00,"33,398"
2016-03-15 00:00:00,"18,354"
2016-03-16 00:00:00,"24,12"
2016-03-17 00:00:00,"38,806"
2016-03-18 00:00:00,"61,27"
2016-03-19 00:00:00,"63,004"
2016-03-20 00:00:00,"30,99"
2016-03-21 00:00:00,"47,856"
2016-03-22 00:00:00,"74,242"
2016-03-23 00:00:00,"59,354"
2016-03-24 00:00:00,"73,606"
2016-03-25 00:00:00,"37,792"
2016-03-26 00:00:00,"19,5075"
2016-03-27 00:00:00,"24,011"
2016-03-28 00:00:00,"22,4445"
2016-03-29 00:00:00,"38,552"
2016-03-30 00:00:00,"73,068"
2016-03-31 00:00:00,"73,002"
2016-04-01 00:00:00,"86,97"
2016-04-02 00:00:00,"92,176"
2016-04-03 00:00:00,"48,024"
2016-04-04 00:00:00,"63,056"
2016-04-05 00:00:00,"102,202"
2016-04-06 00:00:00,"103,23"
2016-04-07 00:00:00,"105,314"
2016-04-08 00:00:00,"100,152"
2016-04-09 00:00:00,"125,94"
2016-04-10 00:00:00,"65,522"
2016-04-11 00:00:00,"50,336"
2016-04-12 00:00:00,"27,87"
2016-04-13 00:00:00,"40,264"
2016-04-14 00:00:00,"57,426"
2016-04-15 00:00:00,"87,15"
2016-04-16 00:00:00,49
2016-04-17 00:00:00,"71,676"
2016-04-18 00:00:00,"73,728"
2016-04-19 00:00:00,"95,074"
2016-04-20 00:00:00,"94,844"
2016-04-21 00:00:00,"35,74"
2016-04-22 00:00:00,"34,852"
2016-04-23 00:00:00,"64,452"
2016-04-24 00:00:00,"61,27"
2016-04-25 00:00:00,"44,08"
2016-04-26 00:00:00,"50,356"
2016-04-27 00:00:00,"31,928"
2016-04-28 00:00:00,"55,756"
2016-04-29 00:00:00,"62,23"
2016-04-30 00:00:00,"37,544"
2016-05-01 00:00:00,"29,604"
2016-05-02 00:00:00,"36,044"
2016-05-03 00:00:00,"49,158"
2016-05-04 00:00:00,"25,896"
2016-05-05 00:00:00,"34,12"
2016-05-06 00:00:00,"26,174"
2016-05-07 00:00:00,37
2016-05-08 00:00:00,"40,348"
2016-05-09 00:00:00,"43,288"
2016-05-10 00:00:00,"31,09"
2016-05-11 00:00:00,"50,866"
2016-05-12 00:00:00,"65,85"
2016-05-13 00:00:00,"112,984"
2016-05-14 00:00:00,"117,784"
2016-05-15 00:00:00,"62,492"
2016-05-16 00:00:00,"46,00666667"
2016-05-17 00:00:00,"61,45933333"
2016-05-18 00:00:00,"39,84"
2016-05-19 00:00:00,"37,46066667"
2016-05-20 00:00:00,"52,97173333"
2016-05-21 00:00:00,"53,2268"
2016-05-22 00:00:00,"42,1992"
2016-05-23 00:00:00,"32,9376"
2016-05-24 00:00:00,"40,284"
2016-05-25 00:00:00,"45,664"
2016-05-26 00:00:00,"46,274"
2016-05-27 00:00:00,"26,868"
2016-05-28 00:00:00,"21,972"
2016-05-29 00:00:00,"34,13"
2016-05-30 00:00:00,"55,934"
2016-05-31 00:00:00,"80,49"
2016-06-01 00:00:00,"89,374"
2016-06-02 00:00:00,"83,536"
2016-06-03 00:00:00,"79,178"
2016-06-04 00:00:00,"44,512"
2016-06-05 00:00:00,"31,464"
2016-06-06 00:00:00,"35,594"
2016-06-07 00:00:00,"33,528"
2016-06-08 00:00:00,"20,278"
2016-06-09 00:00:00,"16,46"
2016-06-10 00:00:00,"26,976"
2016-06-11 00:00:00,"44,016"
2016-06-12 00:00:00,"49,228"
2016-06-13 00:00:00,"56,416"
2016-06-14 00:00:00,"53,118"
2016-06-15 00:00:00,"46,601"
2016-06-16 00:00:00,"35,962"
2016-06-17 00:00:00,"33,886"
2016-06-18 00:00:00,"29,418"
2016-06-19 00:00:00,"42,084"
2016-06-20 00:00:00,"41,7516"
2016-06-21 00:00:00,"42,6952"
2016-06-22 00:00:00,"40,6668"
2016-06-23 00:00:00,"43,4544"
2016-06-24 00:00:00,"42,25"
2016-06-25 00:00:00,"41,574"
2016-06-26 00:00:00,"41,204"
2016-06-27 00:00:00,"59,862"
2016-06-28 00:00:00,"44,606"
2016-06-29 00:00:00,"41,642"
2016-06-30 00:00:00,"32,49533333"
2016-07-01 00:00:00,"29,40866667"
2016-07-02 00:00:00,"33,31"
2016-07-03 00:00:00,"33,386"
2016-07-04 00:00:00,"20,278"
2016-07-05 00:00:00,"23,008"
2016-07-06 00:00:00,"22,342"
2016-07-07 00:00:00,"29,198"
2016-07-08 00:00:00,"19,464"
2016-07-09 00:00:00,"25,962"
2016-07-10 00:00:00,"37,402"
2016-07-11 00:00:00,"23,496"
2016-07-12 00:00:00,"25,638"
2016-07-13 00:00:00,"33,264"
2016-07-14 00:00:00,"61,542"
2016-07-15 00:00:00,"63,48914286"
2016-07-16 00:00:00,"69,12228571"
2016-07-17 00:00:00,"46,41342857"
2016-07-18 00:00:00,"69,35857143"
2016-07-19 00:00:00,"45,00771429"
2016-07-20 00:00:00,"34,32085714"
2016-07-21 00:00:00,"42,178"
2016-07-22 00:00:00,"33,914"
2016-07-23 00:00:00,"38,422"
2016-07-24 00:00:00,"28,728"
2016-07-25 00:00:00,"29,024"
2016-07-26 00:00:00,"40,288"
2016-07-27 00:00:00,"44,284"
2016-07-28 00:00:00,"36,552"
2016-07-29 00:00:00,"38,656"
2016-07-30 00:00:00,"50,638"
2016-07-31 00:00:00,"45,354"
2016-08-01 00:00:00,"39,43"
2016-08-02 00:00:00,"57,4"
2016-08-03 00:00:00,"53,974"
2016-08-04 00:00:00,"40,252"
2016-08-05 00:00:00,"38,344"
2016-08-06 00:00:00,"41,812"
2016-08-07 00:00:00,"37,994"
2016-08-08 00:00:00,"37,868"
2016-08-09 00:00:00,"32,588"
2016-08-10 00:00:00,"48,008"
2016-08-11 00:00:00,"47,162"
2016-08-12 00:00:00,"53,618"
2016-08-13 00:00:00,"43,124"
2016-08-14 00:00:00,"25,872"
2016-08-15 00:00:00,"31,036"
2016-08-16 00:00:00,"24,886"
2016-08-17 00:00:00,"41,414"
2016-08-18 00:00:00,"52,774"
2016-08-19 00:00:00,"61,222"
2016-08-20 00:00:00,"61,292"
2016-08-21 00:00:00,"55,57"
2016-08-22 00:00:00,"55,032"
2016-08-23 00:00:00,"72,178"
2016-08-24 00:00:00,"81,056"
2016-08-25 00:00:00,"60,248"
2016-08-26 00:00:00,"51,246"
2016-08-27 00:00:00,"52,328"
2016-08-28 00:00:00,"50,4031875"
2016-08-29 00:00:00,"45,856375"
2016-08-30 00:00:00,"46,2375625"
2016-08-31 00:00:00,"50,15075"
2016-09-01 00:00:00,"32,1739375"
2016-09-02 00:00:00,"33,191125"
2016-09-03 00:00:00,"30,9283125"
2016-09-04 00:00:00,"29,5615"
2016-09-05 00:00:00,"48,4826875"
2016-09-06 00:00:00,"64,639875"
2016-09-07 00:00:00,"45,7930625"
2016-09-08 00:00:00,"41,35425"
2016-09-09 00:00:00,"55,1914375"
2016-09-10 00:00:00,"51,664625"
2016-09-11 00:00:00,"51,2258125"
2016-09-12 00:00:00,"34,727"
2016-09-13 00:00:00,"34,4861875"
2016-09-14 00:00:00,"31,237375"
2016-09-15 00:00:00,"28,9245625"
2016-09-16 00:00:00,"30,96575"
2016-09-17 00:00:00,"37,9049375"
2016-09-18 00:00:00,"49,272125"
2016-09-19 00:00:00,"68,1173125"
2016-09-20 00:00:00,"72,6505"
2016-09-21 00:00:00,"39,5936875"
2016-09-22 00:00:00,"46,838875"
2016-09-23 00:00:00,"30,9780625"
2016-09-24 00:00:00,"28,92925"
2016-09-25 00:00:00,"29,3224375"
2016-09-26 00:00:00,"43,070625"
2016-09-27 00:00:00,"57,8868125"
2016-09-28 00:00:00,"40,288"
2016-09-29 00:00:00,"42,782"
2016-09-30 00:00:00,"56,756"
2016-10-01 00:00:00,"54,428"
2016-10-02 00:00:00,"78,1365"
2016-10-03 00:00:00,"96,015"
2016-10-04 00:00:00,"99,1955"
2016-10-05 00:00:00,"107,444"
2016-10-06 00:00:00,"71,162"
2016-10-07 00:00:00,"71,946"
2016-10-08 00:00:00,"83,414"
2016-10-09 00:00:00,"46,026"
2016-10-10 00:00:00,"65,386"
2016-10-11 00:00:00,"77,196"
2016-10-12 00:00:00,"138,134"
2016-10-13 00:00:00,"85,852"
2016-10-14 00:00:00,"48,404"
2016-10-15 00:00:00,"36,302"
2016-10-16 00:00:00,"69,244"
2016-10-17 00:00:00,"77,764"
2016-10-18 00:00:00,"24,168"
2016-10-19 00:00:00,"47,574"
2016-10-20 00:00:00,"82,838"
2016-10-21 00:00:00,"69,234"
2016-10-22 00:00:00,"95,388"
2016-10-23 00:00:00,"114,394"
2016-10-24 00:00:00,"76,61933333"
2016-10-25 00:00:00,"44,70466667"
2016-10-26 00:00:00,"70,966"
2016-10-27 00:00:00,"96,564"
2016-10-28 00:00:00,"43,272"
2016-10-29 00:00:00,"42,938"
2016-10-30 00:00:00,"36,136"
2016-10-31 00:00:00,"35,948"
2016-11-01 00:00:00,"34,94"
2016-11-02 00:00:00,"51,794"
2016-11-03 00:00:00,"113,35"
2016-11-04 00:00:00,"125,714"
2016-11-05 00:00:00,"120,348"
2016-11-06 00:00:00,"111,046"
2016-11-07 00:00:00,"120,95"
2016-11-08 00:00:00,"137,352"
2016-11-09 00:00:00,"137,746"
2016-11-10 00:00:00,"74,778"
2016-11-11 00:00:00,"57,674"
2016-11-12 00:00:00,"81,378"
2016-11-13 00:00:00,"75,14"
2016-11-14 00:00:00,"47,79"
2016-11-15 00:00:00,"46,676"
2016-11-16 00:00:00,"25,406"
2016-11-17 00:00:00,"54,322"
2016-11-18 00:00:00,"93,136"
2016-11-19 00:00:00,"89,982"
2016-11-20 00:00:00,"128,464"
2016-11-21 00:00:00,"135,05"
2016-11-22 00:00:00,"104,264"
2016-11-23 00:00:00,"122,684"
2016-11-24 00:00:00,"141,884"
2016-11-25 00:00:00,"173,408"
2016-11-26 00:00:00,"215,284"
2016-11-27 00:00:00,"158,542"
2016-11-28 00:00:00,"149,522"
2016-11-29 00:00:00,"56,266"
2016-11-30 00:00:00,"29,29"
2016-12-01 00:00:00,"22,272"
2016-12-02 00:00:00,"26,98"
2016-12-03 00:00:00,"30,578"
2016-12-04 00:00:00,"87,632"
2016-12-05 00:00:00,"86,168"
2016-12-06 00:00:00,"93,848"
2016-12-07 00:00:00,"113,474"
2016-12-08 00:00:00,"48,066"
2016-12-09 00:00:00,"104,516"
2016-12-10 00:00:00,"138,16"
2016-12-11 00:00:00,"132,974"
2016-12-12 00:00:00,"166,124"
2016-12-13 00:00:00,"35,892"
2016-12-14 00:00:00,"23,462"
2016-12-15 00:00:00,"54,948"
2016-12-16 00:00:00,"44,118"
2016-12-17 00:00:00,"59,216"
2016-12-18 00:00:00,"60,00933333"
2016-12-19 00:00:00,"78,27666667"
2016-12-20 00:00:00,"76,51"
2016-12-21 00:00:00,"65,74"
2016-12-22 00:00:00,"22,846"
2016-12-23 00:00:00,"39,352"
2016-12-24 00:00:00,"52,772"
2016-12-25 00:00:00,"44,784"
2016-12-26 00:00:00,"36,198"
2016-12-27 00:00:00,"38,498"
2016-12-28 00:00:00,"41,662"
2016-12-29 00:00:00,"25,76"
2016-12-30 00:00:00,"32,058"
2016-12-31 00:00:00,"40,75"
2017-01-01 00:00:00,"41,578"
2017-01-02 00:00:00,"62,198"
2017-01-03 00:00:00,"90,762"
2017-01-04 00:00:00,"62,774"
2017-01-05 00:00:00,"60,462"
2017-01-06 00:00:00,"17,274"
2017-01-07 00:00:00,"23,394"
2017-01-08 00:00:00,"24,712"
2017-01-09 00:00:00,"35,938"
2017-01-10 00:00:00,"51,406"
2017-01-11 00:00:00,"22,85"
2017-01-12 00:00:00,"46,194"
2017-01-13 00:00:00,"38,106"
2017-01-14 00:00:00,"89,31"
2017-01-15 00:00:00,"102,738"
2017-01-16 00:00:00,"79,226"
2017-01-17 00:00:00,"57,994"
2017-01-18 00:00:00,"77,554"
2017-01-19 00:00:00,"102,472"
2017-01-20 00:00:00,"52,768"
2017-01-21 00:00:00,"38,666"
2017-01-22 00:00:00,"50,084"
2017-01-23 00:00:00,"39,616"
2017-01-24 00:00:00,"86,024"
2017-01-25 00:00:00,"77,988"
2017-01-26 00:00:00,"26,422"
2017-01-27 00:00:00,"19,972"
2017-01-28 00:00:00,"36,25"
2017-01-29 00:00:00,"35,292"
2017-01-30 00:00:00,"72,90333333"
2017-01-31 00:00:00,"60,09066667"
2017-02-01 00:00:00,"77,24"
2017-02-02 00:00:00,"87,45"
2017-02-03 00:00:00,"103,722"
2017-02-04 00:00:00,"115,7"
2017-02-05 00:00:00,"45,168"
2017-02-06 00:00:00,"39,382"
2017-02-07 00:00:00,"69,258"
2017-02-08 00:00:00,"77,296"
2017-02-09 00:00:00,"106,354"
2017-02-10 00:00:00,"116,24"
2017-02-11 00:00:00,"88,376"
2017-02-12 00:00:00,"38,05"
2017-02-13 00:00:00,"27,834"
2017-02-14 00:00:00,"29,254"
2017-02-15 00:00:00,"42,436"
2017-02-16 00:00:00,"22,618"
2017-02-17 00:00:00,"59,2"
2017-02-18 00:00:00,"90,978"
2017-02-19 00:00:00,"107,78"
2017-02-20 00:00:00,"76,352"
2017-02-21 00:00:00,"35,47"
2017-02-22 00:00:00,"60,102"
2017-02-23 00:00:00,"80,688"
2017-02-24 00:00:00,"116,926"
2017-02-25 00:00:00,"62,734"
2017-02-26 00:00:00,"108,58"
2017-02-27 00:00:00,"129,706"
2017-02-28 00:00:00,"112,288"
2017-03-01 00:00:00,"97,426"
2017-03-02 00:00:00,"77,582"
2017-03-03 00:00:00,"54,626"
2017-03-04 00:00:00,"45,706"
2017-03-05 00:00:00,"52,196"
2017-03-06 00:00:00,"84,96"
2017-03-07 00:00:00,"89,352"
2017-03-08 00:00:00,"77,894"
2017-03-09 00:00:00,"94,112"
2017-03-10 00:00:00,"35,482"
2017-03-11 00:00:00,"81,594"
2017-03-12 00:00:00,"35,958"
2017-03-13 00:00:00,"29,054"
2017-03-14 00:00:00,"24,792"
2017-03-15 00:00:00,"26,657"
2017-03-16 00:00:00,"47,654"
2017-03-17 00:00:00,"48,622"
2017-03-18 00:00:00,"25,58"
2017-03-19 00:00:00,"43,232"
2017-03-20 00:00:00,"37,21933333"
2017-03-21 00:00:00,"38,50466667"
2017-03-22 00:00:00,"61,542"
2017-03-23 00:00:00,"38,772"
2017-03-24 00:00:00,"45,692"
2017-03-25 00:00:00,"78,506"
2017-03-26 00:00:00,"76,756"
2017-03-27 00:00:00,"56,19"
2017-03-28 00:00:00,"51,82"
2017-03-29 00:00:00,"72,742"
2017-03-30 00:00:00,"64,584"
2017-03-31 00:00:00,"38,09"
2017-04-01 00:00:00,"32,26"
2017-04-02 00:00:00,"31,384"
2017-04-03 00:00:00,"55,79"
2017-04-04 00:00:00,"71,614"
2017-04-05 00:00:00,"69,516"
2017-04-06 00:00:00,"70,468"
2017-04-07 00:00:00,"38,286"
2017-04-08 00:00:00,"30,328"
2017-04-09 00:00:00,"34,618"
2017-04-10 00:00:00,"24,774"
2017-04-11 00:00:00,"43,798"
2017-04-12 00:00:00,"53,708"
2017-04-13 00:00:00,"53,144"
2017-04-14 00:00:00,"64,072"
2017-04-15 00:00:00,"51,752"
2017-04-16 00:00:00,"67,384"
2017-04-17 00:00:00,"44,69"
2017-04-18 00:00:00,"35,806"
2017-04-19 00:00:00,"37,8"
2017-04-20 00:00:00,"68,382"
2017-04-21 00:00:00,"35,208"
2017-04-22 00:00:00,"33,968"
2017-04-23 00:00:00,"29,736"
2017-04-24 00:00:00,"53,766"
2017-04-25 00:00:00,"50,769"
2017-04-26 00:00:00,"64,032"
2017-04-27 00:00:00,"98,892"
2017-04-28 00:00:00,"107,28"
2017-04-29 00:00:00,"100,693"
2017-04-30 00:00:00,"102,336"
2017-05-01 00:00:00,"103,834"
2017-05-02 00:00:00,"71,988"
2017-05-03 00:00:00,"86,674"
2017-05-04 00:00:00,"60,2"
2017-05-05 00:00:00,"72,448"
2017-05-06 00:00:00,"65,908"
2017-05-07 00:00:00,"28,772"
2017-05-08 00:00:00,"69,438"
2017-05-09 00:00:00,"67,464"
2017-05-10 00:00:00,"54,796"
2017-05-11 00:00:00,"38,118"
2017-05-12 00:00:00,"62,568"
2017-05-13 00:00:00,"134,81"
2017-05-14 00:00:00,"140,126"
2017-05-15 00:00:00,"31,264"
2017-05-16 00:00:00,"29,798"
2017-05-17 00:00:00,"35,632"
2017-05-18 00:00:00,"39,499"
2017-05-19 00:00:00,"26,406"
2017-05-20 00:00:00,"25,134"
2017-05-21 00:00:00,"43,292"
2017-05-22 00:00:00,"27,144"
2017-05-23 00:00:00,"34,442"
2017-05-24 00:00:00,"41,054"
2017-05-25 00:00:00,75
2017-05-26 00:00:00,"46,366"
2017-05-27 00:00:00,"48,808"
2017-05-28 00:00:00,"32,84866667"
2017-05-29 00:00:00,"30,47933333"
2017-05-30 00:00:00,"31,99"
2017-05-31 00:00:00,"40,57066667"
2017-06-01 00:00:00,"68,45933333"
2017-06-02 00:00:00,"63,988"
2017-06-03 00:00:00,"62,22"
2017-06-04 00:00:00,"55,494"
2017-06-05 00:00:00,"40,854"
2017-06-06 00:00:00,"40,99"
2017-06-07 00:00:00,"64,322"
2017-06-08 00:00:00,"79,018"
2017-06-09 00:00:00,"41,984"
2017-06-10 00:00:00,"29,89"
2017-06-11 00:00:00,"33,098"
2017-06-12 00:00:00,"30,834"
2017-06-13 00:00:00,"37,302"
2017-06-14 00:00:00,"43,848"
2017-06-15 00:00:00,"44,408"
2017-06-16 00:00:00,"32,604"
2017-06-17 00:00:00,"38,316"
2017-06-18 00:00:00,"50,952"
2017-06-19 00:00:00,"34,026"
2017-06-20 00:00:00,"30,156"
2017-06-21 00:00:00,"76,294"
2017-06-22 00:00:00,"63,808"
2017-06-23 00:00:00,"40,824"
2017-06-24 00:00:00,"51,46"
2017-06-25 00:00:00,"29,978"
2017-06-26 00:00:00,"24,602"
2017-06-27 00:00:00,"45,806"
2017-06-28 00:00:00,"51,928"
2017-06-29 00:00:00,"46,986"
2017-06-30 00:00:00,"65,024"
2017-07-01 00:00:00,"68,208"
2017-07-02 00:00:00,"50,582"
2017-07-03 00:00:00,"72,034"
2017-07-04 00:00:00,"91,454"
2017-07-05 00:00:00,"27,774"
2017-07-06 00:00:00,"27,382"
2017-07-07 00:00:00,"33,564"
2017-07-08 00:00:00,"34,538"
2017-07-09 00:00:00,"33,77"
2017-07-10 00:00:00,"32,622"
2017-07-11 00:00:00,"43,154"
2017-07-12 00:00:00,"52,23"
2017-07-13 00:00:00,"51,768"
2017-07-14 00:00:00,"56,652"
2017-07-15 00:00:00,"48,362"
2017-07-16 00:00:00,"56,154"
2017-07-17 00:00:00,"40,426"
2017-07-18 00:00:00,"61,734"
2017-07-19 00:00:00,"41,874"
2017-07-20 00:00:00,"39,82"
2017-07-21 00:00:00,"37,916"
2017-07-22 00:00:00,"45,328"
2017-07-23 00:00:00,"30,312"
2017-07-24 00:00:00,"46,332"
2017-07-25 00:00:00,"61,196"
2017-07-26 00:00:00,"109,174"
2017-07-27 00:00:00,"122,968"
2017-07-28 00:00:00,"65,718"
2017-07-29 00:00:00,"35,924"
2017-07-30 00:00:00,"34,056"
2017-07-31 00:00:00,"36,262"
2017-08-01 00:00:00,"39,134"
2017-08-02 00:00:00,"48,558"
2017-08-03 00:00:00,"58,48"
2017-08-04 00:00:00,"60,114"
2017-08-05 00:00:00,"58,592"
2017-08-06 00:00:00,"37,468"
2017-08-07 00:00:00,"65,704"
2017-08-08 00:00:00,"70,704"
2017-08-09 00:00:00,"69,542"
2017-08-10 00:00:00,"62,154"
2017-08-11 00:00:00,"58,206"
2017-08-12 00:00:00,"59,306"
2017-08-13 00:00:00,"59,048"
2017-08-14 00:00:00,"96,398"
2017-08-15 00:00:00,"59,966"
2017-08-16 00:00:00,"65,73"
2017-08-17 00:00:00,"46,07"
2017-08-18 00:00:00,"46,942"
2017-08-19 00:00:00,"53,59"
2017-08-20 00:00:00,"58,956"
2017-08-21 00:00:00,"60,644"
2017-08-22 00:00:00,"43,542"
2017-08-23 00:00:00,"28,844"
2017-08-24 00:00:00,"31,838"
2017-08-25 00:00:00,"28,998"
2017-08-26 00:00:00,"28,982"
2017-08-27 00:00:00,"35,116"
2017-08-28 00:00:00,"42,346"
2017-08-29 00:00:00,"47,584"
2017-08-30 00:00:00,"42,278"
2017-08-31 00:00:00,"21,966"
2017-09-01 00:00:00,"21,794"
2017-09-02 00:00:00,"38,592"
2017-09-03 00:00:00,"46,25"
2017-09-04 00:00:00,"57,856"
2017-09-05 00:00:00,"77,192"
2017-09-06 00:00:00,"43,208"
2017-09-07 00:00:00,"39,314"
2017-09-08 00:00:00,"73,292"
2017-09-09 00:00:00,"100,084"
2017-09-10 00:00:00,"125,058"
2017-09-11 00:00:00,"133,934"
2017-09-12 00:00:00,"139,844"
2017-09-13 00:00:00,"157,908"
2017-09-14 00:00:00,"101,782"
2017-09-15 00:00:00,"77,642"
2017-09-16 00:00:00,"100,688"
2017-09-17 00:00:00,"89,8316"
2017-09-18 00:00:00,"128,7012"
2017-09-19 00:00:00,"128,8948"
2017-09-20 00:00:00,"115,4324"
2017-09-21 00:00:00,"130,51"
2017-09-22 00:00:00,"65,106"
2017-09-23 00:00:00,"51,046"
2017-09-24 00:00:00,"56,794"
2017-09-25 00:00:00,"60,482"
2017-09-26 00:00:00,"61,012"
2017-09-27 00:00:00,"63,374"
2017-09-28 00:00:00,"60,604"
2017-09-29 00:00:00,"46,114"
2017-09-30 00:00:00,"42,432"
2017-10-01 00:00:00,"37,122"
2017-10-02 00:00:00,"27,41"
2017-10-03 00:00:00,"36,766"
2017-10-04 00:00:00,"53,35"
2017-10-05 00:00:00,"81,988"
2017-10-06 00:00:00,"97,118"
2017-10-07 00:00:00,"100,582"
2017-10-08 00:00:00,"61,228"
2017-10-09 00:00:00,"31,086"
2017-10-10 00:00:00,"48,442"
2017-10-11 00:00:00,"57,698"
2017-10-12 00:00:00,"66,872"
2017-10-13 00:00:00,"87,446"
2017-10-14 00:00:00,"98,836"
2017-10-15 00:00:00,"43,648"
2017-10-16 00:00:00,"53,078"
2017-10-17 00:00:00,"52,242"
2017-10-18 00:00:00,"97,25"
2017-10-19 00:00:00,"119,894"
2017-10-20 00:00:00,"139,138"
2017-10-21 00:00:00,"139,106"
2017-10-22 00:00:00,"127,622"
2017-10-23 00:00:00,"128,816"
2017-10-24 00:00:00,"134,576"
2017-10-25 00:00:00,"66,85"
2017-10-26 00:00:00,"44,534"
2017-10-27 00:00:00,"75,03"
2017-10-28 00:00:00,"105,868"
2017-10-29 00:00:00,"32,632"
2017-10-30 00:00:00,"31,698"
2017-10-31 00:00:00,"36,224"
2017-11-01 00:00:00,"62,136"
2017-11-02 00:00:00,"90,704"
2017-11-03 00:00:00,"125,63"
2017-11-04 00:00:00,"134,802"
2017-11-05 00:00:00,"63,882"
2017-11-06 00:00:00,"50,168"
2017-11-07 00:00:00,"98,382"
2017-11-08 00:00:00,"145,256"
2017-11-09 00:00:00,"183,056"
2017-11-10 00:00:00,"148,522"
2017-11-11 00:00:00,"137,778"
2017-11-12 00:00:00,"173,23"
2017-11-13 00:00:00,"118,572"
2017-11-14 00:00:00,"122,24"
2017-11-15 00:00:00,"154,016"
2017-11-16 00:00:00,"118,49"
2017-11-17 00:00:00,"131,796"
2017-11-18 00:00:00,"141,746"
2017-11-19 00:00:00,"111,128"
2017-11-20 00:00:00,"36,34"
2017-11-21 00:00:00,"20,926"
2017-11-22 00:00:00,"39,218"
2017-11-23 00:00:00,"39,05"
2017-11-24 00:00:00,"46,582"
2017-11-25 00:00:00,"77,948"
2017-11-26 00:00:00,"105,18"
2017-11-27 00:00:00,"110,216"
2017-11-28 00:00:00,"45,04"
2017-11-29 00:00:00,"34,56"
2017-11-30 00:00:00,"79,72"
2017-12-01 00:00:00,"104,338"
2017-12-02 00:00:00,"125,544"
2017-12-03 00:00:00,"138,838"
2017-12-04 00:00:00,"168,394"
2017-12-05 00:00:00,"37,418"
2017-12-06 00:00:00,"34,018"
2017-12-07 00:00:00,"41,618"
2017-12-08 00:00:00,"79,708"
2017-12-09 00:00:00,"138,72"
2017-12-10 00:00:00,"69,364"
2017-12-11 00:00:00,"55,716"
2017-12-12 00:00:00,"143,902"
2017-12-13 00:00:00,"173,613"
2017-12-14 00:00:00,"197,538"
2017-12-15 00:00:00,"208,13"
2017-12-16 00:00:00,"148,396"
2017-12-17 00:00:00,"76,834"
2017-12-18 00:00:00,"40,834"
2017-12-19 00:00:00,"44,81"
2017-12-20 00:00:00,"69,96"
2017-12-21 00:00:00,"73,384"
2017-12-22 00:00:00,"61,022"
2017-12-23 00:00:00,"29,85"
2017-12-24 00:00:00,"27,306"
2017-12-25 00:00:00,"69,236"
2017-12-26 00:00:00,"95,954"
2017-12-27 00:00:00,"100,082"
2017-12-28 00:00:00,"107,216"
2017-12-29 00:00:00,"70,774"
2017-12-30 00:00:00,"42,826"
2017-12-31 00:00:00,"34,172"
2018-01-01 00:00:00,"41,966"
2018-01-02 00:00:00,"67,62"
2018-01-03 00:00:00,"69,044"
2018-01-04 00:00:00,"29,856"
2018-01-05 00:00:00,"72,892"
2018-01-06 00:00:00,"84,046"
2018-01-07 00:00:00,"96,372"
2018-01-08 00:00:00,"91,714"
2018-01-09 00:00:00,"96,85"
2018-01-10 00:00:00,"101,042"
2018-01-11 00:00:00,"95,496"
2018-01-12 00:00:00,"82,134"
2018-01-13 00:00:00,"51,37"
2018-01-14 00:00:00,"24,438"
2018-01-15 00:00:00,"32,484"
2018-01-16 00:00:00,"54,132"
2018-01-17 00:00:00,"51,314"
2018-01-18 00:00:00,"17,906"
2018-01-19 00:00:00,"41,244"
2018-01-20 00:00:00,"99,008"
2018-01-21 00:00:00,"48,336"
2018-01-22 00:00:00,"26,574"
2018-01-23 00:00:00,"26,158"
2018-01-24 00:00:00,"22,01333333"
2018-01-25 00:00:00,"24,99666667"
2018-01-26 00:00:00,"29,04"
2018-01-27 00:00:00,"34,00133333"
2018-01-28 00:00:00,"57,00666667"
2018-01-29 00:00:00,"63,852"
2018-01-30 00:00:00,"95,94333333"
2018-01-31 00:00:00,"110,2806667"
2018-02-01 00:00:00,"116,072"
2018-02-02 00:00:00,"91,14533333"
2018-02-03 00:00:00,"89,79666667"
2018-02-04 00:00:00,"76,272"
2018-02-05 00:00:00,"60,60533333"
2018-02-06 00:00:00,"81,63866667"
2018-02-07 00:00:00,"99,778"
2018-02-08 00:00:00,"102,9933333"
2018-02-09 00:00:00,"103,4799259"
2018-02-10 00:00:00,"100,1205185"
2018-02-11 00:00:00,"68,37977778"
2018-02-12 00:00:00,"37,94503704"
2018-02-13 00:00:00,"70,6282963"
2018-02-14 00:00:00,"66,85246465"
2018-02-15 00:00:00,"54,884633"
2018-02-16 00:00:00,"49,06680135"
2018-02-17 00:00:00,"72,3169697"
2018-02-18 00:00:00,"56,67713805"
2018-02-19 00:00:00,"82,8533064"
2018-02-20 00:00:00,"71,10347475"
2018-02-21 00:00:00,"64,8776431"
2018-02-22 00:00:00,"60,45581145"
2018-02-23 00:00:00,"68,3199798"
2018-02-24 00:00:00,"64,81014815"
2018-02-25 00:00:00,"45,7983165"
2018-02-26 00:00:00,"51,71248485"
2018-02-27 00:00:00,"46,7886532"
2018-02-28 00:00:00,"47,10882155"
2018-03-01 00:00:00,"51,5569899"
2018-03-02 00:00:00,"81,89115825"
2018-03-03 00:00:00,"77,6173266"
2018-03-04 00:00:00,"63,17549495"
2018-03-05 00:00:00,"67,5236633"
2018-03-06 00:00:00,"91,09783165"
2018-03-07 00:00:00,"95,29"
2018-03-08 00:00:00,"145,486"
2018-03-09 00:00:00,"47,515"
2018-03-10 00:00:00,"56,87"
2018-03-11 00:00:00,"82,106"
2018-03-12 00:00:00,"101,762"
2018-03-13 00:00:00,"95,212"
2018-03-14 00:00:00,"29,132"
2018-03-15 00:00:00,"30,866"
2018-03-16 00:00:00,"33,336"
2018-03-17 00:00:00,"55,508"
2018-03-18 00:00:00,"118,084"
2018-03-19 00:00:00,"103,75"
2018-03-20 00:00:00,"113,098"
2018-03-21 00:00:00,"52,554"
2018-03-22 00:00:00,"86,994"
2018-03-23 00:00:00,"245,684"
2018-03-24 00:00:00,"89,14"
2018-03-25 00:00:00,"29,82"
2018-03-26 00:00:00,"70,566"
2018-03-27 00:00:00,"218,034"
2018-03-28 00:00:00,"166,6686667"
2018-03-29 00:00:00,"78,13133333"
2018-03-30 00:00:00,"61,806"
2018-03-31 00:00:00,"82,22866667"
2018-04-01 00:00:00,"65,90333333"
2018-04-02 00:00:00,"51,722"
2018-04-03 00:00:00,"59,41666667"
2018-04-04 00:00:00,"75,25533333"
2018-04-05 00:00:00,"88,242"
2018-04-06 00:00:00,"79,77081553"
2018-04-07 00:00:00,"61,08363107"
2018-04-08 00:00:00,"62,6584466"
2018-04-09 00:00:00,"54,92526214"
2018-04-10 00:00:00,"56,49807767"
2018-04-11 00:00:00,"68,3268932"
2018-04-12 00:00:00,"75,77170874"
2018-04-13 00:00:00,"76,83052427"
2018-04-14 00:00:00,"68,97933981"
2018-04-15 00:00:00,"54,80348867"
2018-04-16 00:00:00,"64,27563754"
2018-04-17 00:00:00,"71,52588641"
2018-04-18 00:00:00,"76,05955194"
2018-04-19 00:00:00,"77,93321748"
2018-04-20 00:00:00,"58,51088301"
2018-04-21 00:00:00,"56,26854854"
2018-04-22 00:00:00,"64,39221408"
2018-04-23 00:00:00,"72,63987961"
2018-04-24 00:00:00,"62,51154515"
2018-04-25 00:00:00,"69,11321068"
2018-04-26 00:00:00,"64,17287621"
2018-04-27 00:00:00,"65,80454175"
2018-04-28 00:00:00,"58,88420728"
2018-04-29 00:00:00,"59,88587282"
2018-04-30 00:00:00,"62,83153835"
2018-05-01 00:00:00,"65,22720388"
2018-05-02 00:00:00,"65,24886942"
2018-05-03 00:00:00,"69,24053495"
2018-05-04 00:00:00,"85,92220049"
2018-05-05 00:00:00,"73,14786602"
2018-05-06 00:00:00,"65,81953155"
2018-05-07 00:00:00,"66,03519709"
2018-05-08 00:00:00,"57,31286262"
2018-05-09 00:00:00,"58,03452816"
2018-05-10 00:00:00,"60,76419369"
2018-05-11 00:00:00,"62,28985922"
2018-05-12 00:00:00,"49,14552476"
2018-05-13 00:00:00,"53,92319029"
2018-05-14 00:00:00,"57,81885583"
2018-05-15 00:00:00,"66,47652136"
2018-05-16 00:00:00,"67,74618689"
2018-05-17 00:00:00,"62,94185243"
2018-05-18 00:00:00,"61,21351796"
2018-05-19 00:00:00,"60,7331835"
2018-05-20 00:00:00,"59,1935157"
2018-05-21 00:00:00,"60,0218479"
2018-05-22 00:00:00,"59,1021801"
2018-05-23 00:00:00,"60,41184563"
2018-05-24 00:00:00,"65,08751117"
2018-05-25 00:00:00,"62,1231767"
2018-05-26 00:00:00,"52,27884223"
2018-05-27 00:00:00,"54,52050777"
2018-05-28 00:00:00,"62,3481733"
2018-05-29 00:00:00,"57,20983883"
2018-05-30 00:00:00,"61,85150437"
2018-05-31 00:00:00,"55,1191699"
2018-06-01 00:00:00,"53,49483544"
2018-06-02 00:00:00,"56,98250097"
2018-06-03 00:00:00,"55,5941665"
2018-06-04 00:00:00,"58,89183204"
2018-06-05 00:00:00,"59,97949757"
2018-06-06 00:00:00,"59,27716311"
2018-06-07 00:00:00,"63,04082864"
2018-06-08 00:00:00,"57,35049417"
2018-06-09 00:00:00,"58,57615971"
2018-06-10 00:00:00,"62,84782524"
2018-06-11 00:00:00,"56,03749078"
2018-06-12 00:00:00,"53,93115631"
2018-06-13 00:00:00,"55,69482184"
2018-06-14 00:00:00,"56,56248738"
2018-06-15 00:00:00,"55,35815291"
2018-06-16 00:00:00,"56,97181845"
2018-06-17 00:00:00,"55,99348398"
2018-06-18 00:00:00,"55,18314951"
2018-06-19 00:00:00,"54,40281505"
2018-06-20 00:00:00,"54,81248058"
2018-06-21 00:00:00,"55,59614612"
2018-06-22 00:00:00,"55,42381165"
2018-06-23 00:00:00,"55,44347718"
2018-06-24 00:00:00,"53,79314272"
2018-06-25 00:00:00,"52,51680825"
2018-06-26 00:00:00,"52,38647379"
2018-06-27 00:00:00,"55,93613932"
2018-06-28 00:00:00,"62,39380485"
2018-06-29 00:00:00,"55,58947039"
2018-06-30 00:00:00,"55,62259047"
2018-07-01 00:00:00,"55,86971055"
2018-07-02 00:00:00,"54,74883063"
2018-07-03 00:00:00,"51,75395071"
2018-07-04 00:00:00,"52,73907079"
2018-07-05 00:00:00,"52,10619086"
2018-07-06 00:00:00,"52,54131094"
2018-07-07 00:00:00,"53,29443102"
2018-07-08 00:00:00,"54,8155511"
2018-07-09 00:00:00,"56,46867118"
2018-07-10 00:00:00,"55,66779126"
2018-07-11 00:00:00,"54,93691134"
2018-07-12 00:00:00,"53,80003142"
2018-07-13 00:00:00,"52,6631515"
2018-07-14 00:00:00,"51,52627158"
2018-07-15 00:00:00,"50,02739166"
2018-07-16 00:00:00,"50,62451174"
2018-07-17 00:00:00,"51,66763182"
2018-07-18 00:00:00,"56,70593636"
2018-07-19 00:00:00,"46,60824091"
2018-07-20 00:00:00,"41,65054545"
2018-07-21 00:00:00,"41,94285"
2018-07-22 00:00:00,"38,4737"
2018-07-23 00:00:00,"44,47655"
2018-07-24 00:00:00,"64,5654"
2018-07-25 00:00:00,"51,62625"
2018-07-26 00:00:00,"56,671"
2018-07-27 00:00:00,"53,06975"
2018-07-28 00:00:00,"42,1985"
2018-07-29 00:00:00,"48,79791667"
2018-07-30 00:00:00,"45,84933333"
2018-07-31 00:00:00,"49,94475"
2018-08-01 00:00:00,"41,8475"
2018-08-02 00:00:00,"47,97825"
2018-08-03 00:00:00,"51,181"
2018-08-04 00:00:00,"41,47375"
2018-08-05 00:00:00,"37,6465"
2018-08-06 00:00:00,"44,00391667"
2018-08-07 00:00:00,"44,68933333"
2018-08-08 00:00:00,"44,51475"
2018-08-09 00:00:00,"39,8135"
2018-08-10 00:00:00,"37,75825"
2018-08-11 00:00:00,"37,173"
2018-08-12 00:00:00,"36,79175"
2018-08-13 00:00:00,"38,0505"
2018-08-14 00:00:00,"35,45125"
2018-08-15 00:00:00,"43,562"
2018-08-16 00:00:00,"56,12075"
2018-08-17 00:00:00,"50,4295"
2018-08-18 00:00:00,"42,71025"
2018-08-19 00:00:00,"40,711"
2018-08-20 00:00:00,"38,34975"
2018-08-21 00:00:00,"42,914"
2018-08-22 00:00:00,"39,45025"
2018-08-23 00:00:00,"37,6165"
2018-08-24 00:00:00,"41,16875"
2018-08-25 00:00:00,"43,374"
2018-08-26 00:00:00,"44,23925"
2018-08-27 00:00:00,"52,7835"
2018-08-28 00:00:00,"49,56175"
2018-08-29 00:00:00,"48,0925"
2018-08-30 00:00:00,"43,97125"
2018-08-31 00:00:00,"43,302"
2018-09-01 00:00:00,"43,99475"
2018-09-02 00:00:00,"45,4475"
2018-09-03 00:00:00,"44,21025"
2018-09-04 00:00:00,"56,473"
2018-09-05 00:00:00,"56,65775"
2018-09-06 00:00:00,"51,4365"
2018-09-07 00:00:00,"35,84125"
2018-09-08 00:00:00,"38,312"
2018-09-09 00:00:00,"35,21075"
2018-09-10 00:00:00,"34,4895"
2018-09-11 00:00:00,"40,69025"
2018-09-12 00:00:00,"49,971"
2018-09-13 00:00:00,"43,87575"
2018-09-14 00:00:00,"45,6075"
2018-09-15 00:00:00,"38,42925"
2018-09-16 00:00:00,"48,812"
2018-09-17 00:00:00,"40,75075"
2018-09-18 00:00:00,"37,4875"
2018-09-19 00:00:00,"44,56425"
2018-09-20 00:00:00,"41,487"
2018-09-21 00:00:00,"49,50675"
2018-09-22 00:00:00,"71,9525"
2018-09-23 00:00:00,"58,78575"
2018-09-24 00:00:00,"61,773"
2018-09-25 00:00:00,"57,81025"
2018-09-26 00:00:00,"38,3975"
2018-09-27 00:00:00,"40,07075"
2018-09-28 00:00:00,"61,87"
2018-09-29 00:00:00,"62,62725"
2018-09-30 00:00:00,"57,6325"
2018-10-01 00:00:00,"47,52375"
2018-10-02 00:00:00,"43,107"
2018-10-03 00:00:00,"51,13825"
2018-10-04 00:00:00,"61,1695"
2018-10-05 00:00:00,"42,32475"
2018-10-06 00:00:00,"40,666"
2018-10-07 00:00:00,"46,17325"
2018-10-08 00:00:00,"56,6385"
2018-10-09 00:00:00,"61,98956818"
2018-10-10 00:00:00,"54,87063636"
2018-10-11 00:00:00,"46,89370455"
2018-10-12 00:00:00,"50,32877273"
2018-10-13 00:00:00,"57,33334091"
2018-10-14 00:00:00,"63,46390909"
2018-10-15 00:00:00,"74,05447727"
2018-10-16 00:00:00,"143,3110455"
2018-10-17 00:00:00,"152,2456136"
2018-10-18 00:00:00,"169,9561818"
2018-10-19 00:00:00,"110,50675"
2018-10-20 00:00:00,"70,1295"
2018-10-21 00:00:00,"46,03625"
2018-10-22 00:00:00,"49,529"
2018-10-23 00:00:00,"57,13375"
2018-10-24 00:00:00,"66,05721429"
2018-10-25 00:00:00,"43,72867857"
2018-10-26 00:00:00,"45,13814286"
2018-10-27 00:00:00,"51,52960714"
2018-10-28 00:00:00,"63,94507143"
2018-10-29 00:00:00,"64,31253571"
2018-10-30 00:00:00,"71,274"
2018-10-31 00:00:00,"71,00746429"
2018-11-01 00:00:00,"66,63892857"
2018-11-02 00:00:00,"69,12439286"
2018-11-03 00:00:00,"66,32985714"
2018-11-04 00:00:00,"47,25732143"
2018-11-05 00:00:00,"64,01478571"
2018-11-06 00:00:00,"63,91825"
2018-11-07 00:00:00,"60,165"
2018-11-08 00:00:00,"68,46175"
2018-11-09 00:00:00,"66,0405"
2018-11-10 00:00:00,"50,62725"
2018-11-11 00:00:00,"65,498"
2018-11-12 00:00:00,"68,664625"
2018-11-13 00:00:00,"52,46325"
2018-11-14 00:00:00,"47,10520833"
2018-11-15 00:00:00,"51,32716667"
2018-11-16 00:00:00,"49,445125"
2018-11-17 00:00:00,"49,27775"
2018-11-18 00:00:00,"45,938375"
2018-11-19 00:00:00,"53,243"
2018-11-20 00:00:00,"66,519625"
2018-11-21 00:00:00,"74,57961"
2018-11-22 00:00:00,"63,905595"
2018-11-23 00:00:00,"50,60358"
2018-11-24 00:00:00,"46,585565"
2018-11-25 00:00:00,"58,43955"
2018-11-26 00:00:00,"73,507535"
2018-11-27 00:00:00,"49,79152"
2018-11-28 00:00:00,"34,39288"
2018-11-29 00:00:00,"36,58824"
2018-11-30 00:00:00,"39,93893333"
2018-12-01 00:00:00,"49,95162667"
2018-12-02 00:00:00,"67,73632"
2018-12-03 00:00:00,"80,01368"
2018-12-04 00:00:00,"74,24904"
2018-12-05 00:00:00,"64,2064"
2018-12-06 00:00:00,"40,87976"
2018-12-07 00:00:00,"45,67192"
2018-12-08 00:00:00,"61,60208"
2018-12-09 00:00:00,"83,34224"
2018-12-10 00:00:00,"52,8704"
2018-12-11 00:00:00,"42,96756"
2018-12-12 00:00:00,"60,46792"
2018-12-13 00:00:00,"44,81828"
2018-12-14 00:00:00,"73,98264"
2018-12-15 00:00:00,"81,665"
2018-12-16 00:00:00,"48,122"
2018-12-17 00:00:00,"50,58373913"
2018-12-18 00:00:00,"42,67547826"
2018-12-19 00:00:00,"30,16721739"
2018-12-20 00:00:00,"29,12895652"
2018-12-21 00:00:00,"59,55436232"
2018-12-22 00:00:00,"69,40726812"
2018-12-23 00:00:00,"86,46617391"
2018-12-24 00:00:00,"37,15641304"
2018-12-25 00:00:00,"34,30665217"
2018-12-26 00:00:00,"29,6333913"
2018-12-27 00:00:00,"53,49613043"
2018-12-28 00:00:00,"54,46911957"
2018-12-29 00:00:00,"61,4326087"
2018-12-30 00:00:00,"56,00809783"
2018-12-31 00:00:00,"49,23958696"
2019-01-01 00:00:00,"40,57507609"
2019-01-02 00:00:00,"49,96606522"
2019-01-03 00:00:00,"29,05105435"
2019-01-04 00:00:00,"30,18404348"
2019-01-05 00:00:00,"42,36478261"
2019-01-06 00:00:00,"44,85352174"
2019-01-07 00:00:00,"44,95852754"
2019-01-08 00:00:00,"45,59753333"
2019-01-09 00:00:00,"38,94453913"
2019-01-10 00:00:00,"72,47354493"
2019-01-11 00:00:00,"49,80655072"
2019-01-12 00:00:00,"44,80955652"
2019-01-13 00:00:00,"57,64056232"
2019-01-14 00:00:00,"44,98356812"
2019-01-15 00:00:00,"40,07457391"
2019-01-16 00:00:00,"38,15557971"
2019-01-17 00:00:00,"48,38858551"
2019-01-18 00:00:00,"52,77101988"
2019-01-19 00:00:00,"54,86345424"
2019-01-20 00:00:00,"61,45988861"
2019-01-21 00:00:00,"64,64232298"
2019-01-22 00:00:00,"66,14649068"
2019-01-23 00:00:00,"59,48265839"
2019-01-24 00:00:00,"59,42482609"
2019-01-25 00:00:00,"38,20956522"
2019-01-26 00:00:00,"65,82680435"
2019-01-27 00:00:00,"54,80804348"
2019-01-28 00:00:00,"73,44128261"
2019-01-29 00:00:00,"65,36252174"
2019-01-30 00:00:00,"51,08726087"
2019-01-31 00:00:00,"40,366"
2019-02-01 00:00:00,"27,904"
2019-02-02 00:00:00,"83,5635"
2019-02-03 00:00:00,"107,357"
2019-02-04 00:00:00,"111,3825"
2019-02-05 00:00:00,"74,046"
2019-02-06 00:00:00,"48,512"
2019-02-07 00:00:00,"29,728"
2019-02-08 00:00:00,"30,886"
2019-02-09 00:00:00,"30,5"
2019-02-10 00:00:00,"30,044"
2019-02-11 00:00:00,"52,862"
2019-02-12 00:00:00,"73,57466667"
2019-02-13 00:00:00,"68,68133333"
2019-02-14 00:00:00,"28,684"
2019-02-15 00:00:00,"19,608"
2019-02-16 00:00:00,"30,35"
2019-02-17 00:00:00,"62,877"
2019-02-18 00:00:00,"115,242"
2019-02-19 00:00:00,"90,846"
2019-02-20 00:00:00,"118,26"
2019-02-21 00:00:00,"115,764"
2019-02-22 00:00:00,"94,186"
2019-02-23 00:00:00,"73,694"
2019-02-24 00:00:00,"35,346"
2019-02-25 00:00:00,"32,29"
2019-02-26 00:00:00,"39,938"
2019-02-27 00:00:00,"31,548"
2019-02-28 00:00:00,"29,036"
2019-03-01 00:00:00,"53,516"
2019-03-02 00:00:00,"77,838"
2019-03-03 00:00:00,"52,248"
2019-03-04 00:00:00,"48,896"
2019-03-05 00:00:00,"70,456"
2019-03-06 00:00:00,"61,13"
2019-03-07 00:00:00,"31,758"
2019-03-08 00:00:00,"74,258"
2019-03-09 00:00:00,"86,664"
2019-03-10 00:00:00,"74,684"
2019-03-11 00:00:00,"64,83"
2019-03-12 00:00:00,"51,87"
2019-03-13 00:00:00,"28,332"
2019-03-14 00:00:00,"36,07"
2019-03-15 00:00:00,"38,016"
2019-03-16 00:00:00,"36,2072"
2019-03-17 00:00:00,"43,4604"
2019-03-18 00:00:00,"69,3636"
2019-03-19 00:00:00,"83,0608"
2019-03-20 00:00:00,"82,954"
2019-03-21 00:00:00,"53,63270588"
2019-03-22 00:00:00,"56,69341176"
2019-03-23 00:00:00,"66,06411765"
2019-03-24 00:00:00,"45,98682353"
2019-03-25 00:00:00,"47,01352941"
2019-03-26 00:00:00,"62,90623529"
2019-03-27 00:00:00,"81,34094118"
2019-03-28 00:00:00,"50,40564706"
2019-03-29 00:00:00,"53,14635294"
2019-03-30 00:00:00,"47,91105882"
2019-03-31 00:00:00,"44,46376471"
2019-04-01 00:00:00,"56,31647059"
2019-04-02 00:00:00,"55,48675787"
2019-04-03 00:00:00,"59,90104514"
2019-04-04 00:00:00,"62,68933242"
2019-04-05 00:00:00,"67,3616197"
2019-04-06 00:00:00,"84,75390698"
2019-04-07 00:00:00,"59,66882171"
2019-04-08 00:00:00,"43,74573643"
2019-04-09 00:00:00,"34,92465116"
2019-04-10 00:00:00,"26,18423256"
2019-04-11 00:00:00,"25,27209967"
2019-04-12 00:00:00,"32,84196678"
2019-04-13 00:00:00,"33,73783389"
2019-04-14 00:00:00,"29,649701"
2019-04-15 00:00:00,"29,49823477"
2019-04-16 00:00:00,"27,27276855"
2019-04-17 00:00:00,"25,67530233"
2019-04-18 00:00:00,"28,41188372"
2019-04-19 00:00:00,"24,89246512"
2019-04-20 00:00:00,"23,12104651"
2019-04-21 00:00:00,"22,77962791"
2019-04-22 00:00:00,"28,5882093"
2019-04-23 00:00:00,"34,7327907"
2019-04-24 00:00:00,"46,93037209"
2019-04-25 00:00:00,"63,51795349"
2019-04-26 00:00:00,"62,34678488"
2019-04-27 00:00:00,"61,00561628"
2019-04-28 00:00:00,"59,90044767"
2019-04-29 00:00:00,"58,55927907"
2019-04-30 00:00:00,"59,73811047"
2019-05-01 00:00:00,"46,71894186"
2019-05-02 00:00:00,"36,59677326"
2019-05-03 00:00:00,"32,70860465"
2019-05-04 00:00:00,"33,36818605"
2019-05-05 00:00:00,"34,72376744"
2019-05-06 00:00:00,"162,0153488"
2019-05-07 00:00:00,"142,9355969"
2019-05-08 00:00:00,"43,60784496"
2019-05-09 00:00:00,"30,28009302"
2019-05-10 00:00:00,"47,41767442"
2019-05-11 00:00:00,"39,21925581"
2019-05-12 00:00:00,"29,19683721"
2019-05-13 00:00:00,"34,00975194"
2019-05-14 00:00:00,"34,60466667"
2019-05-15 00:00:00,"35,226"
2019-05-16 00:00:00,"59,16925"
2019-05-17 00:00:00,"56,4385"
2019-05-18 00:00:00,"55,54975"
2019-05-19 00:00:00,"41,883"
2019-05-20 00:00:00,"61,78991667"
2019-05-21 00:00:00,"60,46683333"
2019-05-22 00:00:00,"47,52175"
2019-05-23 00:00:00,"47,27666667"
2019-05-24 00:00:00,"61,88433333"
2019-05-25 00:00:00,"46,542"
2019-05-26 00:00:00,"39,118"
2019-05-27 00:00:00,"45,906"
2019-05-28 00:00:00,"50,24"
2019-05-29 00:00:00,"96,758"
2019-05-30 00:00:00,"87,172"
2019-05-31 00:00:00,"57,628"
2019-06-01 00:00:00,"37,902"
2019-06-02 00:00:00,"28,854"
2019-06-03 00:00:00,"49,126"
2019-06-04 00:00:00,"51,292"
2019-06-05 00:00:00,"47,042"
2019-06-06 00:00:00,"43,75"
2019-06-07 00:00:00,"26,418"
2019-06-08 00:00:00,"23,69"
2019-06-09 00:00:00,"27,522"
2019-06-10 00:00:00,"25,858"
2019-06-11 00:00:00,"22,74"
2019-06-12 00:00:00,"19,312"
2019-06-13 00:00:00,"23,656"
2019-06-14 00:00:00,"27,244"
2019-06-15 00:00:00,"19,092"
2019-06-16 00:00:00,"19,978"
2019-06-17 00:00:00,"28,64"
2019-06-18 00:00:00,"29,766"
2019-06-19 00:00:00,"28,764"
2019-06-20 00:00:00,"25,554"
2019-06-21 00:00:00,"27,7246"
2019-06-22 00:00:00,"29,6972"
2019-06-23 00:00:00,"32,7928"
2019-06-24 00:00:00,"24,8404"
2019-06-25 00:00:00,"27,348"
2019-06-26 00:00:00,"29,293"
2019-06-27 00:00:00,"23,864"
2019-06-28 00:00:00,"29,436"
2019-06-29 00:00:00,"20,39"
2019-06-30 00:00:00,"14,146"
2019-07-01 00:00:00,"18,074"
2019-07-02 00:00:00,"19,9"
2019-07-03 00:00:00,"34,266"
2019-07-04 00:00:00,"30,078"
2019-07-05 00:00:00,"30,442"
2019-07-06 00:00:00,"31,276"
2019-07-07 00:00:00,"23,208"
2019-07-08 00:00:00,"30,528"
2019-07-09 00:00:00,"25,16"
2019-07-10 00:00:00,"31,958"
2019-07-11 00:00:00,"26,838"
2019-07-12 00:00:00,"15,452"
2019-07-13 00:00:00,"16,254"
2019-07-14 00:00:00,"25,746"
2019-07-15 00:00:00,"20,044"
2019-07-16 00:00:00,"15,87"
2019-07-17 00:00:00,"22,74"
2019-07-18 00:00:00,"19,018"
2019-07-19 00:00:00,"19,982"
2019-07-20 00:00:00,"21,954"
2019-07-21 00:00:00,"21,188"
2019-07-22 00:00:00,"26,368"
2019-07-23 00:00:00,"31,4375"
2019-07-24 00:00:00,"28,355"
2019-07-25 00:00:00,"26,7305"
2019-07-26 00:00:00,"29,267"
2019-07-27 00:00:00,"34,5075"
2019-07-28 00:00:00,"35,605"
2019-07-29 00:00:00,"49,2825"
2019-07-30 00:00:00,"62,69066667"
2019-07-31 00:00:00,"48,30333333"
2019-08-01 00:00:00,"43,606"
2019-08-02 00:00:00,"36,988"
2019-08-03 00:00:00,"31,596"
2019-08-04 00:00:00,"42,548"
2019-08-05 00:00:00,"18,136"
2019-08-06 00:00:00,"18,64"
2019-08-07 00:00:00,20
2019-08-08 00:00:00,"24,082"
2019-08-09 00:00:00,"32,5"
2019-08-10 00:00:00,"30,008"
2019-08-11 00:00:00,"28,784"
2019-08-12 00:00:00,"26,20633333"
2019-08-13 00:00:00,"23,25866667"
2019-08-14 00:00:00,"33,943"
2019-08-15 00:00:00,"45,88733333"
2019-08-16 00:00:00,"35,64566667"
2019-08-17 00:00:00,"33,742"
2019-08-18 00:00:00,"17,99"
2019-08-19 00:00:00,"16,732"
2019-08-20 00:00:00,"16,756"
2019-08-21 00:00:00,"30,398"
2019-08-22 00:00:00,"34,686"
2019-08-23 00:00:00,"51,776"
2019-08-24 00:00:00,"46,005"
2019-08-25 00:00:00,"38,994"
2019-08-26 00:00:00,"34,778"
2019-08-27 00:00:00,30
2019-08-28 00:00:00,"26,18388889"
2019-08-29 00:00:00,"32,29977778"
2019-08-30 00:00:00,"33,56966667"
2019-08-31 00:00:00,"34,86955556"
2019-09-01 00:00:00,"32,66744444"
2019-09-02 00:00:00,"37,45333333"
2019-09-03 00:00:00,"34,55722222"
2019-09-04 00:00:00,"34,73311111"
2019-09-05 00:00:00,"36,121"
2019-09-06 00:00:00,"48,44688889"
2019-09-07 00:00:00,"28,64477778"
2019-09-08 00:00:00,"23,12826667"
2019-09-09 00:00:00,"24,00775556"
2019-09-10 00:00:00,"23,60124444"
2019-09-11 00:00:00,"23,49273333"
2019-09-12 00:00:00,"24,17422222"
2019-09-13 00:00:00,"26,06011111"
2019-09-14 00:00:00,"25,01"
2019-09-15 00:00:00,"24,632"
2019-09-16 00:00:00,"34,172"
2019-09-17 00:00:00,"39,314"
2019-09-18 00:00:00,"61,056"
2019-09-19 00:00:00,"55,114"
2019-09-20 00:00:00,"49,202"
2019-09-21 00:00:00,"12,126"
2019-09-22 00:00:00,"16,97"
2019-09-23 00:00:00,"40,604"
2019-09-24 00:00:00,"58,712"
2019-09-25 00:00:00,"55,566"
2019-09-26 00:00:00,"53,392"
2019-09-27 00:00:00,"52,66975"
2019-09-28 00:00:00,"37,6275"
2019-09-29 00:00:00,"44,07591667"
2019-09-30 00:00:00,"55,40833333"
2019-10-01 00:00:00,"59,40475"
2019-10-02 00:00:00,"57,0705"
2019-10-03 00:00:00,"72,77025"
2019-10-04 00:00:00,"66,789"
2019-10-05 00:00:00,"72,694"
2019-10-06 00:00:00,"51,656"
2019-10-07 00:00:00,"41,36666667"
2019-10-08 00:00:00,"51,50983333"
2019-10-09 00:00:00,"47,23233333"
2019-10-10 00:00:00,"85,60816667"
2019-10-11 00:00:00,"68,108"
2019-10-12 00:00:00,"44,316"
2019-10-13 00:00:00,"43,528"
2019-10-14 00:00:00,"89,624"
2019-10-15 00:00:00,"110,718"
2019-10-16 00:00:00,"99,788"
2019-10-17 00:00:00,"100,554"
2019-10-18 00:00:00,"86,76"
2019-10-19 00:00:00,"57,176"
2019-10-20 00:00:00,"74,002"
2019-10-21 00:00:00,"45,056"
2019-10-22 00:00:00,"35,008"
2019-10-23 00:00:00,"36,23"
2019-10-24 00:00:00,"44,566"
2019-10-25 00:00:00,"63,334"
2019-10-26 00:00:00,"57,1"
2019-10-27 00:00:00,"37,084"
2019-10-28 00:00:00,"72,48"
2019-10-29 00:00:00,"119,454"
2019-10-30 00:00:00,"126,5"
2019-10-31 00:00:00,"103,055"
2019-11-01 00:00:00,"65,384"
2019-11-02 00:00:00,"25,182"
2019-11-03 00:00:00,"67,496"
2019-11-04 00:00:00,"99,244"
2019-11-05 00:00:00,"102,949"
2019-11-06 00:00:00,"113,7765"
2019-11-07 00:00:00,"117,087"
2019-11-08 00:00:00,"115,5719"
2019-11-09 00:00:00,"114,5428"
2019-11-10 00:00:00,"112,0177"
2019-11-11 00:00:00,"118,3426"
2019-11-12 00:00:00,"117,2335"
2019-11-13 00:00:00,"112,982"
2019-11-14 00:00:00,"116,568"
2019-11-15 00:00:00,"82,056"
2019-11-16 00:00:00,"100,9215"
2019-11-17 00:00:00,"116,029"
2019-11-18 00:00:00,"136,0745"
2019-11-19 00:00:00,"178,632"
2019-11-20 00:00:00,"187,898"
2019-11-21 00:00:00,"190,39"
2019-11-22 00:00:00,"168,494"
2019-11-23 00:00:00,"168,856"
2019-11-24 00:00:00,"137,468"
2019-11-25 00:00:00,"124,578"
2019-11-26 00:00:00,"69,606"
2019-11-27 00:00:00,"49,078"
2019-11-28 00:00:00,"67,804"
2019-11-29 00:00:00,"75,772"
2019-11-30 00:00:00,"38,52"
2019-12-01 00:00:00,"28,242"
2019-12-02 00:00:00,"48,33"
2019-12-03 00:00:00,"111,98"
2019-12-04 00:00:00,"97,126"
2019-12-05 00:00:00,"19,894"
2019-12-06 00:00:00,"43,048"
2019-12-07 00:00:00,"48,51"
2019-12-08 00:00:00,"46,696"
2019-12-09 00:00:00,"68,716"
2019-12-10 00:00:00,"51,164"
2019-12-11 00:00:00,"66,98"
2019-12-12 00:00:00,"50,192"
2019-12-13 00:00:00,"31,91"
2019-12-14 00:00:00,"32,218"
2019-12-15 00:00:00,"57,726"
2019-12-16 00:00:00,"114,46"
2019-12-17 00:00:00,"135,376"
2019-12-18 00:00:00,"173,044"
2019-12-19 00:00:00,"229,872"
2019-12-20 00:00:00,"214,826"
2019-12-21 00:00:00,"156,066"
2019-12-22 00:00:00,"134,76"
2019-12-23 00:00:00,"57,3"
2019-12-24 00:00:00,"19,824"
2019-12-25 00:00:00,"24,908"
2019-12-26 00:00:00,"36,57"
2019-12-27 00:00:00,"33,783"
2019-12-28 00:00:00,"46,118"
2019-12-29 00:00:00,"41,974"
2019-12-30 00:00:00,"17,744"
2019-12-31 00:00:00,"23,104"
2020-01-01 00:00:00,"31,662"
2020-01-02 00:00:00,"19,97"
2020-01-03 00:00:00,"26,587"
2020-01-04 00:00:00,"55,164"
2020-01-05 00:00:00,"54,936"
2020-01-06 00:00:00,"34,032"
2020-01-07 00:00:00,"25,41"
2020-01-08 00:00:00,"27,536"
2020-01-09 00:00:00,"20,678"
2020-01-10 00:00:00,"72,056"
2020-01-11 00:00:00,"96,638"
2020-01-12 00:00:00,"102,166"
2020-01-13 00:00:00,"77,594"
2020-01-14 00:00:00,"128,728"
2020-01-15 00:00:00,"158,686"
2020-01-16 00:00:00,"75,234"
2020-01-17 00:00:00,"93,184"
2020-01-18 00:00:00,"102,122"
2020-01-19 00:00:00,"40,386"
2020-01-20 00:00:00,"66,654"
2020-01-21 00:00:00,"43,98066667"
2020-01-22 00:00:00,"68,17933333"
2020-01-23 00:00:00,"75,638"
2020-01-24 00:00:00,"46,696"
2020-01-25 00:00:00,"112,572"
2020-01-26 00:00:00,"123,7833333"
2020-01-27 00:00:00,"157,5246667"
2020-01-28 00:00:00,"136,534"
2020-01-29 00:00:00,"72,616"
2020-01-30 00:00:00,"36,908"
2020-01-31 00:00:00,"28,926"
2020-02-01 00:00:00,"46,332"
2020-02-02 00:00:00,"46,12"
2020-02-03 00:00:00,"60,78"
2020-02-04 00:00:00,"40,022"
2020-02-05 00:00:00,"32,312"
2020-02-06 00:00:00,"38,33"
2020-02-07 00:00:00,"21,016"
2020-02-08 00:00:00,"23,8"
2020-02-09 00:00:00,"26,708"
2020-02-10 00:00:00,"38,842"
2020-02-11 00:00:00,"62,218"
2020-02-12 00:00:00,"71,382"
2020-02-13 00:00:00,"44,714"
2020-02-14 00:00:00,"74,676"
2020-02-15 00:00:00,"57,322"
2020-02-16 00:00:00,"48,16"
2020-02-17 00:00:00,"42,428"
2020-02-18 00:00:00,"72,814"
2020-02-19 00:00:00,"105,88"
2020-02-20 00:00:00,"114,894"
2020-02-21 00:00:00,"42,296"
2020-02-22 00:00:00,"15,428"
2020-02-23 00:00:00,"19,26933333"
2020-02-24 00:00:00,"37,82666667"
2020-02-25 00:00:00,"40,14"
2020-02-26 00:00:00,"82,798"
2020-02-27 00:00:00,"52,802"
2020-02-28 00:00:00,"30,638"
2020-02-29 00:00:00,"35,608"
2020-03-01 00:00:00,"31,32"
2020-03-02 00:00:00,"90,024"
2020-03-03 00:00:00,"116,299"
2020-03-04 00:00:00,"94,366"
2020-03-05 00:00:00,"72,316"
2020-03-06 00:00:00,"36,138"
2020-03-07 00:00:00,"70,602"
2020-03-08 00:00:00,"82,6"
2020-03-09 00:00:00,"68,438"
2020-03-10 00:00:00,"41,812"
2020-03-11 00:00:00,"51,708"
2020-03-12 00:00:00,"68,104"
2020-03-13 00:00:00,"57,228"
2020-03-14 00:00:00,"70,632"
2020-03-15 00:00:00,"69,736"
2020-03-16 00:00:00,"14,898"
2020-03-17 00:00:00,"20,612"
2020-03-18 00:00:00,"21,448"
2020-03-19 00:00:00,"23,404"
2020-03-20 00:00:00,"22,136"
2020-03-21 00:00:00,"38,006"
2020-03-22 00:00:00,"78,022"
2020-03-23 00:00:00,"72,084"
2020-03-24 00:00:00,"48,282"
2020-03-25 00:00:00,"57,034"
2020-03-26 00:00:00,"40,288"
2020-03-27 00:00:00,"59,964"
2020-03-28 00:00:00,"37,66"
2020-03-29 00:00:00,"14,482"
2020-03-30 00:00:00,"42,732"
2020-03-31 00:00:00,"66,778"
2020-04-01 00:00:00,"50,454"
2020-04-02 00:00:00,"39,628"
2020-04-03 00:00:00,"25,84"
2020-04-04 00:00:00,"52,46"
2020-04-05 00:00:00,"33,844"
2020-04-06 00:00:00,"32,306"
2020-04-07 00:00:00,"25,452"
2020-04-08 00:00:00,"22,044"
2020-04-09 00:00:00,"25,504"
2020-04-10 00:00:00,"24,712"
2020-04-11 00:00:00,"39,672"
2020-04-12 00:00:00,"40,934"
2020-04-13 00:00:00,"42,336"
2020-04-14 00:00:00,"70,316"
2020-04-15 00:00:00,"69,384"
2020-04-16 00:00:00,"20,918"
2020-04-17 00:00:00,"32,774"
2020-04-18 00:00:00,"55,562"
2020-04-19 00:00:00,"32,22"
2020-04-20 00:00:00,"51,64"
2020-04-21 00:00:00,"31,588"
2020-04-22 00:00:00,"18,474"
2020-04-23 00:00:00,"14,71"
2020-04-24 00:00:00,"21,382"
2020-04-25 00:00:00,"36,072"
2020-04-26 00:00:00,"26,896"
2020-04-27 00:00:00,"48,696"
2020-04-28 00:00:00,"50,619"
2020-04-29 00:00:00,"57,55"
2020-04-30 00:00:00,"61,625"
2020-05-01 00:00:00,"42,326"
2020-05-02 00:00:00,"42,13366667"
2020-05-03 00:00:00,"33,87933333"
2020-05-04 00:00:00,"26,289"
2020-05-05 00:00:00,"32,82866667"
2020-05-06 00:00:00,"24,79033333"
2020-05-07 00:00:00,"24,392"
2020-05-08 00:00:00,"21,542"
2020-05-09 00:00:00,"21,944"
2020-05-10 00:00:00,"21,726"
2020-05-11 00:00:00,"48,19"
2020-05-12 00:00:00,"96,55"
2020-05-13 00:00:00,"80,81377778"
2020-05-14 00:00:00,"72,78155556"
2020-05-15 00:00:00,"110,9013333"
2020-05-16 00:00:00,"156,3151111"
2020-05-17 00:00:00,"88,72488889"
2020-05-18 00:00:00,"108,7306667"
2020-05-19 00:00:00,"100,0204444"
2020-05-20 00:00:00,"128,2822222"
2020-05-21 00:00:00,"149,32"
2020-05-22 00:00:00,"91,03"
2020-05-23 00:00:00,"20,186"
2020-05-24 00:00:00,"45,226"
2020-05-25 00:00:00,"24,33"
2020-05-26 00:00:00,"65,688"
2020-05-27 00:00:00,"55,736"
2020-05-28 00:00:00,"54,81185714"
2020-05-29 00:00:00,"47,93171429"
2020-05-30 00:00:00,"56,72557143"
2020-05-31 00:00:00,"52,00582857"
2020-06-01 00:00:00,"58,41808571"
2020-06-02 00:00:00,"44,08434286"
2020-06-03 00:00:00,"46,7126"
2020-06-04 00:00:00,"45,44485714"
2020-06-05 00:00:00,"60,34271429"
2020-06-06 00:00:00,"56,68257143"
2020-06-07 00:00:00,"65,35042857"
2020-06-08 00:00:00,"81,09468571"
2020-06-09 00:00:00,"70,53094286"
2020-06-10 00:00:00,"76,4552"
2020-06-11 00:00:00,"51,6176"
2020-06-12 00:00:00,"40,564"
2020-06-13 00:00:00,"28,732"
2020-06-14 00:00:00,"31,102"
2020-06-15 00:00:00,"48,918"
2020-06-16 00:00:00,"59,038"
2020-06-17 00:00:00,"78,28"
2020-06-18 00:00:00,"34,992"
2020-06-19 00:00:00,"45,514"
2020-06-20 00:00:00,"33,516"
2020-06-21 00:00:00,"37,204"
2020-06-22 00:00:00,"43,56533333"
2020-06-23 00:00:00,"40,84866667"
2020-06-24 00:00:00,"36,978"
2020-06-25 00:00:00,"35,276"
2020-06-26 00:00:00,"32,354"
2020-06-27 00:00:00,"26,83"
2020-06-28 00:00:00,"30,378"
2020-06-29 00:00:00,"37,958"
2020-06-30 00:00:00,"34,584"
2020-07-01 00:00:00,"34,83"
2020-07-02 00:00:00,"26,702"
2020-07-03 00:00:00,"33,164"
2020-07-04 00:00:00,"40,17"
2020-07-05 00:00:00,"41,498"
2020-07-06 00:00:00,"38,97"
2020-07-07 00:00:00,"49,962"
2020-07-08 00:00:00,"31,328"
2020-07-09 00:00:00,"25,254"
2020-07-10 00:00:00,"24,352"
2020-07-11 00:00:00,"24,19"
2020-07-12 00:00:00,"35,406"
2020-07-13 00:00:00,"33,062"
2020-07-14 00:00:00,"41,488"
2020-07-15 00:00:00,"40,972"
2020-07-16 00:00:00,"47,734"
2020-07-17 00:00:00,"28,404"
2020-07-18 00:00:00,"27,536"
2020-07-19 00:00:00,"31,422"
2020-07-20 00:00:00,"54,954"
2020-07-21 00:00:00,"26,018"
2020-07-22 00:00:00,"27,604"
2020-07-23 00:00:00,"34,824"
2020-07-24 00:00:00,"31,51"
2020-07-25 00:00:00,"37,854"
2020-07-26 00:00:00,"50,546"
2020-07-27 00:00:00,"61,222"
2020-07-28 00:00:00,"35,104"
2020-07-29 00:00:00,"29,692"
2020-07-30 00:00:00,"24,91"
2020-07-31 00:00:00,"21,298"
2020-08-01 00:00:00,"20,422"
2020-08-02 00:00:00,"21,57"
2020-08-03 00:00:00,"18,916"
2020-08-04 00:00:00,"26,05"
2020-08-05 00:00:00,"24,656"
2020-08-06 00:00:00,"30,844"
2020-08-07 00:00:00,"45,678"
2020-08-08 00:00:00,"37,462"
2020-08-09 00:00:00,"34,154"
2020-08-10 00:00:00,"39,963"
2020-08-11 00:00:00,"34,43"
2020-08-12 00:00:00,"35,15666667"
2020-08-13 00:00:00,"27,20333333"
2020-08-14 00:00:00,"21,06"
2020-08-15 00:00:00,"24,132"
2020-08-16 00:00:00,"29,884"
2020-08-17 00:00:00,"22,914"
2020-08-18 00:00:00,"29,542"
2020-08-19 00:00:00,"41,296"
2020-08-20 00:00:00,"60,912"
2020-08-21 00:00:00,"34,79"
2020-08-22 00:00:00,"38,748"
2020-08-23 00:00:00,"27,282"
2020-08-24 00:00:00,"35,62"
2020-08-25 00:00:00,"59,572"
2020-08-26 00:00:00,"69,831"
2020-08-27 00:00:00,"42,922"
2020-08-28 00:00:00,"38,982"
2020-08-29 00:00:00,"39,702"
2020-08-30 00:00:00,"48,708"
2020-08-31 00:00:00,"50,886"
2020-09-01 00:00:00,"58,24891667"
2020-09-02 00:00:00,"90,94783333"
2020-09-03 00:00:00,"77,09475"
2020-09-04 00:00:00,"80,13766667"
2020-09-05 00:00:00,"27,00658333"
2020-09-06 00:00:00,"32,7495"
2020-09-07 00:00:00,"53,55241667"
2020-09-08 00:00:00,"75,24533333"
2020-09-09 00:00:00,"35,30625"
2020-09-10 00:00:00,"49,52916667"
2020-09-11 00:00:00,"57,34808333"
2020-09-12 00:00:00,"87,043"
2020-09-13 00:00:00,"75,09591667"
2020-09-14 00:00:00,"55,21083333"
2020-09-15 00:00:00,"41,36775"
2020-09-16 00:00:00,"44,30866667"
2020-09-17 00:00:00,"62,13158333"
2020-09-18 00:00:00,"82,4185"
2020-09-19 00:00:00,"44,02941667"
2020-09-20 00:00:00,"35,96833333"
2020-09-21 00:00:00,"41,73325"
2020-09-22 00:00:00,"49,79616667"
2020-09-23 00:00:00,"66,75308333"
2020-09-24 00:00:00,"85,37"
2020-09-25 00:00:00,"62,582"
2020-09-26 00:00:00,"64,544"
2020-09-27 00:00:00,"89,832"
2020-09-28 00:00:00,"114,448"
2020-09-29 00:00:00,"89,087"
2020-09-30 00:00:00,"51,202"
2020-10-01 00:00:00,"58,227"
2020-10-02 00:00:00,"53,988"
2020-10-03 00:00:00,"77,954"
2020-10-04 00:00:00,"92,128"
2020-10-05 00:00:00,"113,082"
2020-10-06 00:00:00,"141,018"
2020-10-07 00:00:00,"125,138"
2020-10-08 00:00:00,"76,014"
2020-10-09 00:00:00,"94,782"
2020-10-10 00:00:00,"54,282"
2020-10-11 00:00:00,"70,506"
2020-10-12 00:00:00,"99,548"
2020-10-13 00:00:00,"108,502"
2020-10-14 00:00:00,"85,792"
2020-10-15 00:00:00,"87,792"
2020-10-16 00:00:00,"98,074"
2020-10-17 00:00:00,"119,776"
2020-10-18 00:00:00,"97,324"
2020-10-19 00:00:00,33
2020-10-20 00:00:00,"23,164"
2020-10-21 00:00:00,"23,552"
2020-10-22 00:00:00,"74,702"
2020-10-23 00:00:00,"83,81"
2020-10-24 00:00:00,"108,18"
2020-10-25 00:00:00,"111,846"
2020-10-26 00:00:00,"120,756"
2020-10-27 00:00:00,"111,154"
2020-10-28 00:00:00,"116,482"
2020-10-29 00:00:00,"94,07"
2020-10-30 00:00:00,"36,438"
2020-10-31 00:00:00,"26,374"
2020-11-01 00:00:00,"48,878"
2020-11-02 00:00:00,"83,22"
2020-11-03 00:00:00,"127,178"
2020-11-04 00:00:00,"64,852"
2020-11-05 00:00:00,"26,294"
2020-11-06 00:00:00,"49,12"
2020-11-07 00:00:00,"36,514"
2020-11-08 00:00:00,"31,83"
2020-11-09 00:00:00,"83,298"
2020-11-10 00:00:00,"100,526"
2020-11-11 00:00:00,"41,128"
2020-11-12 00:00:00,"69,338"
2020-11-13 00:00:00,"109,034"
2020-11-14 00:00:00,"112,772"
2020-11-15 00:00:00,"78,636"
2020-11-16 00:00:00,"87,298"
2020-11-17 00:00:00,"143,216"
2020-11-18 00:00:00,"106,894"
2020-11-19 00:00:00,"27,928"
2020-11-20 00:00:00,"29,438"
2020-11-21 00:00:00,"35,562"
2020-11-22 00:00:00,"50,128"
2020-11-23 00:00:00,"101,898"
2020-11-24 00:00:00,"123,448"
2020-11-25 00:00:00,"49,486"
2020-11-26 00:00:00,"43,15"
2020-11-27 00:00:00,"65,238"
2020-11-28 00:00:00,"151,286"
2020-11-29 00:00:00,"155,224"
2020-11-30 00:00:00,"151,6112"
2020-12-01 00:00:00,"157,5524"
2020-12-02 00:00:00,"88,1396"
2020-12-03 00:00:00,"102,1188"
2020-12-04 00:00:00,"73,64"
2020-12-05 00:00:00,"96,464"
2020-12-06 00:00:00,"126,796"
2020-12-07 00:00:00,"187,206"
2020-12-08 00:00:00,"113,096"
2020-12-09 00:00:00,"108,438"
2020-12-10 00:00:00,"68,524"
2020-12-11 00:00:00,"65,99"
2020-12-12 00:00:00,"55,912"
2020-12-13 00:00:00,"29,776"
2020-12-14 00:00:00,"35,352"
2020-12-15 00:00:00,"37,888"
2020-12-16 00:00:00,"30,462"
2020-12-17 00:00:00,"84,162"
2020-12-18 00:00:00,"80,389"
2020-12-19 00:00:00,"61,504"
2020-12-20 00:00:00,"78,411"
2020-12-21 00:00:00,"98,69"
2020-12-22 00:00:00,"59,571"
2020-12-23 00:00:00,"39,444"
2020-12-24 00:00:00,"91,776"
2020-12-25 00:00:00,"121,106"
2020-12-26 00:00:00,"98,95"
2020-12-27 00:00:00,"69,56"
2020-12-28 00:00:00,"92,412"
2020-12-29 00:00:00,"93,042"
2020-12-30 00:00:00,"112,584"
2020-12-31 00:00:00,"92,964"
2021-01-01 00:00:00,"56,972"
2021-01-02 00:00:00,"73,226"
2021-01-03 00:00:00,"77,988"
2021-01-04 00:00:00,"133,5"
2021-01-05 00:00:00,"103,202"
2021-01-06 00:00:00,"57,6"
2021-01-07 00:00:00,"67,78566667"
2021-01-08 00:00:00,"99,91733333"
2021-01-09 00:00:00,"78,617"
2021-01-10 00:00:00,"57,45466667"
2021-01-11 00:00:00,"112,3223333"
2021-01-12 00:00:00,"95,692"
2021-01-13 00:00:00,"82,04"
2021-01-14 00:00:00,"30,264"
2021-01-15 00:00:00,"37,018"
2021-01-16 00:00:00,"47,458"
2021-01-17 00:00:00,"28,04"
2021-01-18 00:00:00,"37,358"
2021-01-19 00:00:00,"97,254"
2021-01-20 00:00:00,"103,184"
2021-01-21 00:00:00,"94,886"
2021-01-22 00:00:00,"143,202"
2021-01-23 00:00:00,"115,558"
2021-01-24 00:00:00,"73,446"